1.379256666909470068e-03,1.065387531665005529e-03,-3.523467124939068141e-05,5.528591391351230122e+00
-1.338883512791054541e-03,-2.929406817912661928e-03,-4.621514254246791549e-04,5.594669224453654444e+00
-8.380038074262931985e-03,-6.747584746899786858e-03,4.520654859819742838e-06,5.553205163879789019e+00
-8.391556101354674321e-03,-6.753029188909099104e-03,4.520672557075208113e-06,5.553205163879789019e+00
-8.403041223896687631e-03,-6.758528017334348124e-03,4.520690287859777192e-06,5.553205163879789019e+00
-8.414523728230594024e-03,-6.764084990668505631e-03,4.520708089299086264e-06,5.553205163879789019e+00
-8.426030172766463613e-03,-6.769706435098694387e-03,4.520725996866462656e-06,5.553205163879789019e+00
-8.437585178393578605e-03,-6.775396677500843123e-03,4.520744042243842222e-06,5.553205163879789019e+00
-8.449213352596610452e-03,-6.781162623614825878e-03,4.520762259592075586e-06,5.553205163879789019e+00
-8.460935148313074652e-03,-6.787009801328541814e-03,4.520780677342278477e-06,5.553205163879789019e+00
1.262551038867149294e-03,1.010168911642058374e-03,-3.523444781217696333e-05,5.447152272645299220e+00
1.250314539464314131e-03,1.004158525874035727e-03,-3.523442516681751232e-05,5.528591391351230122e+00
1.237896353746965579e-03,9.980331723760903478e-04,-3.523440236355437579e-05,6.110306594469601116e+00
2.317640172395731956e-03,6.598701044981580745e-04,-3.492118502039938377e-04,6.960447077075981426e+00
4.409578969521154592e-04,1.147408609986554177e-04,-1.328197045055068328e-04,6.901946709571017635e+00
-8.450603386857789834e-04,-5.313663843390972448e-04,-7.342384769723887903e-05,6.718451258066485465e+00
-2.274783863870980232e-03,-1.166427228813302118e-03,-1.081992912560577361e-04,6.401213908407616060e+00
-3.840890534178623660e-03,-1.570408377059046663e-03,-5.468915538752459530e-05,6.079823038099089416e+00
-4.114351130125415250e-03,-1.610571753059017366e-03,-3.791326622168728782e-05,5.875109493641054392e+00
-3.328959041227068458e-03,-1.246976400699819796e-03,-2.410032864998003273e-05,5.757391996285749158e+00
-1.369007869594260525e-03,-5.605353414987073769e-04,-1.712792719098546492e-05,5.695109072117849003e+00
1.342709382038938986e-03,2.823910066661903867e-04,-1.774687673397173701e-05,5.662309320851263372e+00
4.034062028349037245e-03,1.083748399075941827e-03,-1.757019355383554268e-05,5.643612043082010921e+00
5.960907127767780395e-03,1.649502450624922316e-03,-1.660472677164233753e-05,5.631660003807898107e+00
6.424764761989226400e-03,1.835950118572693369e-03,-1.578941139290981058e-05,5.622928749557033257e+00
5.084590255968922216e-03,1.584364222395829832e-03,-1.527837525581596191e-05,5.615805498008625385e+00
2.092868604068567201e-03,9.379289612824823078e-04,-1.396297432549564971e-05,5.609560873692889693e+00
-1.926266421350054069e-03,3.429593168930548139e-05,-1.052139699201913433e-05,5.603852675526771243e+00
-5.988660940956845244e-03,-9.247381211798879914e-04,-5.109848092636492896e-06,5.598511436168981170e+00
-7.458005598257256424e-03,-1.448254519313456334e-03,-3.900256881315285278e-07,5.593621264059284393e+00
-6.905107914917805317e-03,-1.636006073685512298e-03,1.724327346782890362e-06,5.588919634562533822e+00
-4.780281291847029122e-03,-1.542984142540030192e-03,3.609951876620846012e-06,5.584283962561465309e+00
-7.078535859192935931e-04,-1.044428119980703347e-03,5.530502153393292967e-06,5.579819192800050232e+00
3.995304125998249030e-03,-3.090361004092346381e-04,9.337271261445550540e-06,5.575504828135264823e+00
8.237453382224394979e-03,5.184752814485332198e-04,1.479055226045239473e-05,5.571328998417498291e+00
1.000000000000000021e-02,1.254875809516082337e-03,1.990611439387850011e-05,5.567283044858680974e+00
1.000000000000000021e-02,1.717550375747842325e-03,2.250944120882127932e-05,5.563361578273492647e+00
7.118489070818883289e-03,1.792069028850740023e-03,2.248104688733458471e-05,5.559561669587761656e+00
1.601260682943211281e-03,1.447829953729217215e-03,2.225756721758886421e-05,5.555877152335349400e+00
-4.968295061388028518e-03,7.509147340078653260e-04,2.458714302106771661e-05,5.552296353872773871e+00
-1.000000000000000021e-02,-1.507396792451356365e-04,3.022825607137871046e-05,5.548805895020293200e+00
-1.000000000000000021e-02,-1.057444336573155246e-03,3.677491165285177164e-05,5.545397649146209140e+00
-1.000000000000000021e-02,-1.756763607033106668e-03,4.052805373857718907e-05,5.542072796992112416e+00
-1.000000000000000021e-02,-2.076205455704830446e-03,4.022403875210119138e-05,5.538837851060748108e+00
-5.607482908910609541e-03,-1.930100712162209761e-03,3.872893445129891118e-05,5.535695373289073018e+00
5.913354571416592868e-04,-1.337998326981922406e-03,3.934406349839790674e-05,5.532639633316419392e+00
7.433559862423899829e-03,-4.217130209393818939e-04,4.411917939049599726e-05,5.529660165173434727e+00
1.000000000000000021e-02,6.211853958153584722e-04,5.223798988784943907e-05,5.526747428171325360e+00
1.000000000000000021e-02,1.556064898933839273e-03,5.936254855007102005e-05,5.523898773069586099e+00
1.000000000000000021e-02,2.160139232778919127e-03,6.140344071434016579e-05,5.521120165191572227e+00
1.000000000000000021e-02,2.282077671498065462e-03,5.894154687623328042e-05,5.518419724902894785e+00
4.521795870428191658e-03,1.880578424536634300e-03,5.588543984938073146e-05,5.515799224879659235e+00
-1.733018995150297685e-03,1.032621551846752382e-03,5.588168327946654472e-05,5.513252532272608697e+00
-8.658102499519985257e-03,-8.194072180438858948e-05,6.056507159312255075e-05,5.510769705088802262e+00
-1.000000000000000021e-02,-1.219229032102567625e-03,6.803652291946399333e-05,5.508342069284895892e+00
-1.000000000000000021e-02,-2.118196739796573101e-03,7.332946380520220006e-05,5.505967765550360937e+00
-1.000000000000000021e-02,-2.559402670348764463e-03,7.308273522423239601e-05,5.503652703396013202e+00
-9.245133970839966575e-03,-2.427614264943657105e-03,6.972183809783863895e-05,5.501403940875873033e+00
-3.419593276846319592e-03,-1.738966558434635332e-03,6.758826963143117295e-05,5.499222544960157499e+00
1.000000000000000021e-02,2.913555502027825959e-03,8.379949197061484245e-05,5.489144491808175985e+00
-1.000000000000000021e-02,-2.477538490542548037e-03,8.827419146258224097e-05,5.480433705971941016e+00
6.176878329069000577e-03,5.687812837919494413e-04,7.961227820453294741e-05,5.472908452780288258e+00
5.238241122150853919e-03,1.979385899670559577e-03,7.042618949891535872e-05,5.466401215223426036e+00
-1.000000000000000021e-02,-3.689322193350442949e-03,8.194026108992655266e-05,5.461913111090389350e+00
2.129495993360281097e-03,4.269285418568634447e-04,6.027745830884005603e-05,5.457949488187235687e+00
8.834434465720880647e-03,2.606992540072821784e-03,4.816995925222913470e-05,5.453690248642513616e+00
-1.000000000000000021e-02,-4.360127623836162515e-03,5.538271176915783339e-05,5.450828182451542325e+00
-7.320106516147516056e-03,-2.025260864583591867e-03,2.633642474476966319e-05,5.448914073233217081e+00
1.000000000000000021e-02,5.031464034952367638e-03,3.817690111285911009e-05,5.446718219912647818e+00
-1.135632684997663625e-04,-1.269522945145384624e-03,1.277902871113640706e-07,5.444868255063576079e+00
-1.000000000000000021e-02,-5.534724096280501347e-03,1.048458306861229762e-05,5.443697518138299607e+00
-4.711786363007047958e-03,-1.737479665362937108e-04,-2.481910836527437584e-05,5.442680685064773982e+00
1.000000000000000021e-02,3.855144347504818776e-03,-2.103207601346393678e-05,5.441599234195877877e+00
-9.510424877907586866e-03,-3.920122503448079943e-03,-4.077611415468471206e-05,5.440737051262607871e+00
-5.311415545755097251e-03,-1.301618392026810149e-03,-7.276090742417298080e-05,5.440128152615393731e+00
1.000000000000000021e-02,3.505230185912750710e-03,-6.528197470686301961e-05,5.439705202052063093e+00
-1.000000000000000021e-02,-4.329781872930844357e-03,-7.186127882155165755e-05,5.439551498327826806e+00
7.778432144428796234e-03,2.880060655244382883e-03,-7.711179802709594404e-05,5.439709557712042454e+00
-1.808194511842633112e-03,-1.830985185578617178e-03,-8.394321091592824252e-05,5.440208276388354136e+00
-9.002478752799667611e-03,-2.014293887293285620e-03,-8.129566159266762664e-05,5.440845221771912321e+00
1.000000000000000021e-02,5.319870477351736245e-03,-5.341033985092490024e-05,5.441665578252782964e+00
-1.000000000000000021e-02,-5.950066517122599465e-03,-4.473799296386206278e-05,5.442656491904195981e+00
-6.143848256475305768e-03,1.879409501826122990e-04,-6.600093762236084762e-05,5.443501161040824599e+00
1.000000000000000021e-02,6.540100733541975506e-03,-3.510870659253042728e-05,5.444421888408919052e+00
-7.995723434672854721e-03,-6.955981411817149795e-03,-4.033022248272090778e-05,5.445661541964849306e+00
-1.000000000000000021e-02,-3.856056652069605843e-03,-5.977025089751983366e-05,5.446407642081683598e+00
9.213894507867390754e-03,8.182289820099882677e-03,-3.825783404667711042e-05,5.447446445095333267e+00
8.426564304112316162e-03,-1.475696737500277944e-03,-9.177471806355060177e-05,5.448478671239607607e+00
-1.000000000000000021e-02,-5.631346731447873372e-03,-7.412244721369946920e-05,5.449537948578384139e+00
-6.395644527786757683e-03,3.986104717126922811e-03,-1.120133782063230572e-04,5.450298618593909517e+00
1.000000000000000021e-02,4.888939193110188562e-03,-1.142190116797510641e-04,5.451312999499227097e+00
4.964613219407813631e-03,-5.832653505884401353e-03,-1.481500288012610413e-04,5.452070486022994267e+00
-1.000000000000000021e-02,-7.009615425189056996e-03,-1.310768820164338920e-04,5.452824482335593359e+00
-3.933922395930157870e-03,7.692422498352196290e-03,-1.773868965573085902e-04,5.453772047362538622e+00
1.000000000000000021e-02,6.365592254565637445e-03,-1.734423241038696346e-04,5.454470093050740154e+00
8.557824770114902738e-03,-6.641673742733037247e-03,-2.334953558251432349e-04,5.455134668290525291e+00
-1.000000000000000021e-02,-8.815342922212076118e-03,-2.077815030212201719e-04,5.455791608131571380e+00
-7.049882777227280302e-03,8.812875811631976433e-03,-2.725169940157763648e-04,5.456601370760242986e+00
1.000000000000000021e-02,8.143156335442771135e-03,-2.538984833102913251e-04,5.457187716340103023e+00
5.701810695556382320e-03,-1.000000000000000021e-02,-3.233083339216616045e-04,5.457912312675937017e+00
-1.000000000000000021e-02,-7.014424590293210152e-03,-3.119024773036504572e-04,5.458426213125932236e+00
-1.000000000000000021e-02,7.749712712667560996e-03,-3.702817906208940853e-04,5.458896020809195448e+00
8.572959612293215917e-03,9.805090534013743628e-03,-3.317241952886274838e-04,5.459349611594263685e+00
4.211299721608299969e-03,-8.727776310072593927e-03,-4.037703812958287511e-04,5.459882396969972795e+00
-1.000000000000000021e-02,-8.992839952487081262e-03,-3.935046679355317864e-04,5.460231303039244644e+00
-8.282113477377025731e-03,5.363457799989980804e-03,-4.385791415798702539e-04,5.460564209386604695e+00
1.000000000000000021e-02,7.998158924746727114e-03,-3.947854137787366793e-04,5.460980921736385163e+00
1.069631937410011951e-03,-1.000000000000000021e-02,-4.261975087050755263e-04,5.461320944058013716e+00
-1.000000000000000021e-02,-6.825436086156534861e-03,-4.139249349001296731e-04,5.461532562645827760e+00
5.454437740678571775e-04,1.000000000000000021e-02,-4.040820887674741093e-04,5.461780848066459804e+00
1.000000000000000021e-02,8.499643316513526845e-04,-4.249420193700905314e-04,5.461967099962577343e+00
-8.657489251747892481e-03,-1.000000000000000021e-02,-3.663990295018178722e-04,5.462125441445300211e+00
-1.000000000000000021e-02,4.162259643456622913e-04,-4.059114869943317530e-04,5.462192274641816780e+00
9.702833790600896499e-03,1.000000000000000021e-02,-3.305535126308734375e-04,5.462271413135646903e+00
7.839315992501406927e-03,-6.815722494974725022e-03,-3.755824703316637081e-04,5.462289778014747021e+00
-1.000000000000000021e-02,-1.000000000000000021e-02,-3.135229540785943922e-04,5.462290261813186554e+00
-6.386097847805275937e-03,6.730012074071999029e-03,-3.396568960886498715e-04,5.462243630931712168e+00
1.000000000000000021e-02,4.760238433302028775e-04,-3.183465744064962219e-04,5.462169109233296460e+00
-7.806484950026395045e-03,-5.330987153631714694e-03,-2.793885900466162647e-04,5.462025595532327138e+00
-9.765953739922134808e-03,7.318110136732180332e-03,-2.806001249974524286e-04,5.461879292817141796e+00
1.000000000000000021e-02,-3.618619929981187981e-03,-2.559637960223951915e-04,5.461690942144777239e+00
-7.449420802834253071e-03,-4.209007078544895267e-03,-2.169643033783335412e-04,5.461486113763167616e+00
1.756366375610546012e-03,6.813268546063261377e-03,-1.821753274821598216e-04,5.461221322986798299e+00
8.695098182670316436e-03,-6.474491919490989178e-03,-1.822549093829335871e-04,5.460951019363044168e+00
-1.000000000000000021e-02,-1.362115470194936485e-03,-1.503352889964816423e-04,5.460752349588945620e+00
5.277099362298386109e-03,6.789615636436011244e-03,-1.143383948423553736e-04,5.460475608394911973e+00
1.000000000000000021e-02,-7.568132122705563576e-03,-1.512998026325314315e-04,5.460254004537886452e+00
-1.000000000000000021e-02,-1.294113016307333903e-03,-1.252441346409792424e-04,5.460053263014417624e+00
4.406530385717187005e-03,8.195795936189772049e-03,-1.196842141932313901e-04,5.459767955864693434e+00
1.000000000000000021e-02,-9.635442267869243418e-03,-1.717306696812887325e-04,5.459562411032234941e+00
-1.000000000000000021e-02,-2.623856995719934387e-03,-1.494563215957754956e-04,5.459393262479435904e+00
-4.905898675263104664e-03,1.000000000000000021e-02,-1.707617647093998480e-04,5.459202001793829417e+00
1.000000000000000021e-02,-5.453387485556155691e-03,-2.244018170244838702e-04,5.459037185307584750e+00
-6.408430024231065621e-03,-2.416353198167524915e-03,-2.213013879778253235e-04,5.458849029182797352e+00
4.290310459169946293e-03,5.691024807540133110e-03,-2.341994862187326599e-04,5.458621192081368534e+00
1.000000000000000021e-02,-5.491745936085034273e-03,-2.693436262175586695e-04,5.458457175775667913e+00
-1.000000000000000021e-02,-2.433472573697575882e-03,-2.527010401554067556e-04,5.458340362793610012e+00
2.282551977545181805e-03,7.085014639259006562e-03,-2.419420586543818161e-04,5.458191262679992661e+00
1.000000000000000021e-02,-5.239137046151413901e-03,-2.848381484183694855e-04,5.458088328736712569e+00
-1.000000000000000021e-02,-2.061811196943396686e-03,-2.567446135518709240e-04,5.457998959021374219e+00
-1.451882538385668771e-03,5.431906245826668284e-03,-2.562904946837543012e-04,5.457896773570150017e+00
1.000000000000000021e-02,-4.981578019808703683e-03,-2.614228237944780323e-04,5.457787535949165658e+00
-1.000000000000000021e-02,-1.155511320656358362e-03,-2.328598139069241991e-04,5.457751329911792126e+00
1.752110118836759526e-03,5.350785349734189789e-03,-1.986891074358173442e-04,5.457696746261206933e+00
9.128919745044200909e-03,-7.005223905037835999e-03,-2.059960305551497843e-04,5.457655193194733911e+00
-1.000000000000000021e-02,4.925245157002450941e-03,-1.979922508341848278e-04,5.457634943559891205e+00
1.000000000000000021e-02,3.623868320574382177e-04,-1.544261694611086537e-04,5.457648993691273098e+00
3.205304041154555315e-04,-6.164439693424987425e-03,-1.365937141748260330e-04,5.457641567274864158e+00
-1.000000000000000021e-02,9.426328940691066152e-03,-1.414517741809950390e-04,5.457650199395063240e+00
1.000000000000000021e-02,-7.710700189308960888e-03,-1.616648508753402676e-04,5.457711375385881247e+00
-9.092774504227145796e-03,1.279967202391955102e-03,-1.272117539115136069e-04,5.457746578006623217e+00
-2.859598315409389233e-03,6.802297749085665576e-03,-9.877894756785212695e-05,5.457787662542338047e+00
1.000000000000000021e-02,-1.000000000000000021e-02,-1.490240265825034662e-04,5.457857643169815809e+00
-1.000000000000000021e-02,9.010078936354998236e-03,-1.569236632566355419e-04,5.457922483904426691e+00
6.973655407596016445e-03,-4.922409261806841383e-04,-1.141259729857513312e-04,5.457996757591812909e+00
4.648920787809518972e-03,-7.686479005919203897e-03,-1.169104466863296387e-04,5.458046943836013298e+00
-7.226168628097495716e-03,7.885583736562576385e-03,-1.371185982190261928e-04,5.458109351770966455e+00
7.584431281223825462e-03,-7.891869625240920810e-03,-1.414694021967875359e-04,5.458127821816735725e+00
-1.000000000000000021e-02,8.057527528271638331e-03,-1.477781128467314103e-04,5.458171890089565714e+00
1.000000000000000021e-02,-6.571511316287640542e-03,-1.651562853317074418e-04,5.458246480268227785e+00
-1.000000000000000021e-02,6.353022266166940754e-03,-1.714400630306521479e-04,5.458273666389634293e+00
1.000000000000000021e-02,-2.392267594417098880e-03,-1.613337712506420949e-04,5.458345217334731991e+00
-7.522332759149723399e-04,-3.489038682458161025e-03,-1.466267630108696442e-04,5.458370553848866713e+00
-4.189570466722153212e-03,5.882255696248932068e-03,-1.371710840643820882e-04,5.458407429345879969e+00
1.000000000000000021e-02,-9.866815204293801628e-03,-1.748649869226736014e-04,5.458454730665585508e+00
-9.846612393449609077e-03,4.887279012642450036e-03,-1.564663329349672634e-04,5.458494037065506177e+00
4.902368889519805734e-03,-1.934061176139544513e-03,-1.253917060325247682e-04,5.458535107210879644e+00
1.000000000000000021e-02,-1.000000000000000021e-02,-1.305316647331212772e-04,5.458546174104707660e+00
-1.000000000000000021e-02,1.000000000000000021e-02,-1.348152727509783404e-04,5.458584347037171547e+00
8.099533493882595317e-03,-4.775910109558215329e-03,-8.510699019864419775e-05,5.458623676251582957e+00
4.550490992627678755e-03,-5.389467255605483176e-03,-5.808864168455409488e-05,5.458617637461823158e+00
-1.000000000000000021e-02,1.000000000000000021e-02,-4.417030350796157353e-05,5.458599972855929572e+00
1.000000000000000021e-02,-6.310872747670108474e-03,-4.260982216551324661e-05,5.458657233774554918e+00
1.000000000000000021e-02,-9.430060397912417083e-03,-3.156851659398466454e-05,5.458647776127373952e+00
-1.000000000000000021e-02,9.136627918802819881e-03,-2.644610091118250380e-05,5.458663885131803006e+00
-5.882696070312840378e-03,3.620927842697653325e-03,3.059150965531866572e-05,5.458650280980820391e+00
1.000000000000000021e-02,-1.000000000000000021e-02,-1.739029509340533667e-05,5.458676735579185646e+00
1.000000000000000021e-02,-7.024704820245499665e-03,3.720487792674794696e-05,5.458657046540579039e+00
-1.000000000000000021e-02,7.854979546381066907e-03,2.721680953172055990e-05,5.458685905013295425e+00
1.601329631641634256e-03,-9.534388723103765211e-04,6.414371457213200118e-05,5.458651101029007968e+00
8.305371782159447214e-03,-4.923761843508831816e-03,7.019872585729909262e-05,5.458612334328035054e+00
-9.056410415699609265e-03,3.540797266646005664e-03,6.869723588847079438e-05,5.458600190841881528e+00
7.941235358742154303e-04,-7.387356349204099969e-04,8.463164481015723742e-05,5.458568713730996613e+00
1.000000000000000021e-02,-5.572195535589531332e-03,6.122658719577247404e-05,5.458554815999499432e+00
-7.688546746334524659e-03,2.836036939804746724e-03,6.786880976745031336e-05,5.458519428894035741e+00
-9.102841021898755783e-03,4.307569413778398505e-03,7.798559974123520989e-05,5.458486238638310617e+00
1.000000000000000021e-02,-4.555127762257249469e-03,4.264088141759106649e-05,5.458508108205117004e+00
2.399891398265891970e-03,-1.295668975105530646e-03,5.202590146407664169e-05,5.458476038812379194e+00
-1.000000000000000021e-02,3.999977103208809601e-03,3.427893218050569136e-05,5.458444759566075888e+00
-8.628518324597736228e-04,1.383410541698394322e-03,3.840583572121934199e-05,5.458421324183953871e+00
1.000000000000000021e-02,-3.911496766342881931e-03,7.542921321411553796e-06,5.458402568524080678e+00
5.367958047227301861e-03,-2.614501562665228190e-03,1.877291920382743659e-05,5.458387672135604163e+00
-1.000000000000000021e-02,4.694028990588843854e-03,-1.932971976417834352e-05,5.458396009911197666e+00
-4.282641512300114014e-03,1.961873622910244048e-03,-8.862159429428395106e-06,5.458376284013256807e+00
1.000000000000000021e-02,-4.562296930471621166e-03,-4.504521628326849607e-05,5.458374609231454677e+00
9.047809074330457127e-03,-3.410139036004948554e-03,-3.166483479136431072e-05,5.458353600010748430e+00
-9.773339748763669801e-03,4.022508081031646830e-03,-5.420847302877446200e-05,5.458374623146149851e+00
-2.633473749697731302e-03,1.191981680034534703e-03,-4.997667476488889919e-05,5.458346330834682902e+00
1.000000000000000021e-02,-4.737391159429162231e-03,-7.127694196759497595e-05,5.458322776910774721e+00
9.947579904793351095e-05,-1.359991895141486335e-04,-4.869822138332452125e-05,5.458327995367236340e+00
-1.000000000000000021e-02,5.494634173103831593e-03,-7.125435474111998905e-05,5.458332358639296444e+00
7.689184681936797779e-03,-3.405045707657221657e-03,-6.556412596217264268e-05,5.458334422468347213e+00
8.972726125278251627e-03,-2.917212412586528501e-03,-5.638648411792247258e-05,5.458316397972275524e+00
-1.000000000000000021e-02,3.278411246479134584e-03,-5.126398663252211508e-05,5.458290528886177384e+00
-1.417223571733481312e-03,6.887758497241518044e-04,-3.369519404020737918e-05,5.458272819937257658e+00
1.000000000000000021e-02,-2.505127619506389118e-03,-3.768198672482508455e-05,5.458261699480289053e+00
-5.513070488043967342e-03,5.253479100047177492e-04,-2.169869200445627514e-05,5.458237263176382470e+00
-6.114759134446295236e-03,1.536638311120535260e-03,-1.518671310533362955e-05,5.458215770075773854e+00
9.946510981618398098e-03,-8.625416810123051224e-04,-1.163419016582319843e-05,5.458198984966880829e+00
-2.918344953093325849e-03,-2.873578261941473508e-04,-1.178406200111094997e-06,5.458180114353772261e+00
-8.340352407467872473e-03,9.605740318388780600e-04,1.003208840040098191e-06,5.458165299364397427e+00
8.735720880722818230e-03,7.649237178863466764e-05,6.367327589492671661e-06,5.458149720737789146e+00
-1.863427496628114900e-03,-4.991469078439900956e-04,1.059846285325778354e-05,5.458130139002391523e+00
-9.845097353465883869e-03,2.100961511269878253e-04,1.159668155665491304e-05,5.458115952639633228e+00
3.063124829681165753e-03,5.053314640952574809e-04,1.499621488240430161e-05,5.458108079912745936e+00
9.274500352354459604e-03,-1.605258508051302178e-04,1.428684951744268917e-05,5.458096479502811960e+00
-6.655792060762780876e-03,-4.305282612867303792e-04,1.570203197196356245e-05,5.458087840642519062e+00
-9.212614367296404275e-03,2.610691032482786913e-04,1.372301323348638981e-05,5.458080078134120328e+00
9.718069401764067514e-03,4.348054271907749097e-04,1.550198639040188659e-05,5.458116488730499150e+00
1.000000000000000021e-02,7.445942898975115205e-05,1.282861003163545253e-05,5.458117909578144022e+00
2.146147735301054578e-03,-4.913361537597360496e-04,1.091973722277225641e-05,5.458123466634750010e+00
-1.000000000000000021e-02,-2.016516463093032065e-04,8.605556391429810905e-06,5.458138793137744749e+00
-1.372504612408279121e-03,4.893693617116667187e-04,5.649376706916990731e-06,5.458131728715783559e+00
1.000000000000000021e-02,3.583749062488928317e-04,3.020893606303376336e-06,5.458127596452102104e+00
7.613968465132849375e-03,-1.529841402451729757e-04,-8.825915930095387810e-07,5.458127375300056094e+00
-8.949605556203835827e-03,-5.195837220432130907e-04,-2.151335484488574132e-06,5.458150272215820387e+00
-7.355371479772962115e-03,1.482497794890047114e-04,-7.314451724023866657e-06,5.458144896641060839e+00
8.609277232194775809e-03,4.058115703057857859e-04,-9.042164342235760655e-06,5.458143810757166925e+00
4.319681624474131822e-03,-9.820605680593765419e-05,-1.350894749100691768e-05,5.458136219942464784e+00
-1.000000000000000021e-02,-3.842283921752977921e-04,-1.541279267328952269e-05,5.458135570286060556e+00
-3.604731652393235262e-03,9.698103599577566759e-05,-1.866497582327361206e-05,5.458131996156008192e+00
7.196318516970573280e-03,3.398341077316626877e-04,-1.862181545589309121e-05,5.458138994665175936e+00
4.586074988812072900e-03,7.902729958833788944e-06,-2.112445069935922829e-05,5.458132683176259548e+00
-8.496894555390368739e-03,-2.665133192070419442e-04,-2.191308040390108514e-05,5.458124809398552379e+00
-7.108484259106795031e-03,-1.449553587204691519e-04,-2.283455160357279393e-05,5.458119563604186375e+00
6.591908267562200316e-03,1.649499741350303266e-04,-2.225748870794363424e-05,5.458124033858593904e+00
1.000000000000000021e-02,2.101120653792837030e-04,-2.190076816847752431e-05,5.458120166586427402e+00
3.475951113666721128e-03,7.737375565958973104e-05,-2.213963006616079075e-05,5.458118093223117917e+00
-1.000000000000000021e-02,-1.505212414384709185e-04,-2.084586555440238041e-05,5.458120369625044432e+00
-8.937421348020625420e-03,-1.571580811119588806e-04,-2.019650690402231185e-05,5.458116042328114759e+00
2.173684462501614210e-03,-2.849469160761036585e-05,-1.910947535213529500e-05,5.458122319003434697e+00
1.000000000000000021e-02,1.314270723538445824e-04,-1.700200206966441413e-05,5.458126040739283980e+00
7.889431229724208974e-03,1.597773669702369655e-04,-1.541338934021177642e-05,5.458129649093899083e+00
-3.730550982828324813e-03,5.855802403815316904e-06,-1.403935413568933739e-05,5.458155693638709671e+00
-9.500976866148978447e-03,-1.107461570427346512e-04,-1.192364346492837667e-05,5.458169947064972050e+00
1.208719779466795307e-04,-6.557764397930655222e-05,-9.363596478541047111e-06,5.458164539013138139e+00
8.541178724986496149e-03,4.243152348664557303e-05,-7.200847121343338758e-06,5.458159499121131297e+00
6.933887981459391746e-03,9.296630209458151841e-05,-5.368487766208809948e-06,5.458155922783303637e+00
-6.475761365090501251e-03,-3.012502839730268381e-06,-2.882485178344983552e-06,5.458162029512915403e+00
-8.445302030192459661e-03,-7.069844383518220912e-05,-9.727883182506614054e-07,5.458158120187745155e+00
3.881564033357445386e-03,-3.435601283565596040e-05,1.598622401133389986e-06,5.458155637807438509e+00
8.635320362613781164e-03,3.041995528027267569e-05,3.506209823991688117e-06,5.458152220734323379e+00
-1.431112395651459738e-03,6.820377094593589931e-05,5.595852644995966565e-06,5.458147520860999080e+00
-8.395607129414565245e-03,1.784913256931401778e-05,6.990364677978803005e-06,5.458144766582530671e+00
-1.500099789902465666e-03,-6.006494362043642026e-05,8.901148693451077786e-06,5.458140271507819996e+00
6.759601014535978822e-03,-4.803874648149731935e-05,1.003538082722031549e-05,5.458141730101499611e+00
9.940451826745962810e-03,3.516761550811022199e-06,1.127234705613949962e-05,5.458137337297374714e+00
2.784065818754339564e-03,5.903575931150071264e-05,1.204049056277624601e-05,5.458136365973198068e+00
-1.000000000000000021e-02,5.069711045496708498e-05,1.283066644761404868e-05,5.458137713407327674e+00
-6.898371442710161429e-03,-2.308064896936018023e-05,1.349921627669977503e-05,5.458135373823832737e+00
5.242347031368953941e-03,-8.573829999473201618e-05,1.371348338124156261e-05,5.458144010348172870e+00
1.000000000000000021e-02,-7.198785116513392655e-05,1.413988130717239829e-05,5.458145567454911529e+00
2.804827059052724704e-03,1.470496897257069048e-05,1.434761203519513458e-05,5.458142526911980319e+00
-8.874897601251589829e-03,6.766985093209616721e-05,1.401704852351234625e-05,5.458142961226283063e+00
-1.000000000000000021e-02,5.212044429133022995e-05,1.394110293653415325e-05,5.458138512431976785e+00
-9.981125740455957813e-04,-7.552866946584523342e-06,1.378374675823264633e-05,5.458143583726821291e+00
9.352136051755584670e-03,-4.804422968535061646e-05,1.330631354071849693e-05,5.458152583160217119e+00
7.143913234469234826e-03,-3.213124976960668434e-05,1.287189672732837608e-05,5.458149693630462984e+00
-4.817253044525232966e-03,2.167144234530672537e-05,1.209824289525629683e-05,5.458146179367008521e+00
-1.000000000000000021e-02,4.710714642748180838e-05,1.159909541064599954e-05,5.458143924178170181e+00
-1.000000000000000021e-02,6.268822141502357044e-05,1.081624188307698966e-05,5.458141530376092732e+00
-5.043037011492100888e-03,1.904869566842630173e-05,1.018872744687798289e-05,5.458166685945428753e+00
1.153663269487558872e-03,-1.508283597880768710e-05,9.692179289580497804e-06,5.458188605682298800e+00
1.000000000000000021e-02,-5.445475426659380130e-05,8.565774105557748101e-06,5.458221013070130745e+00
1.000000000000000021e-02,-5.268916849867052500e-05,8.113838359546227041e-06,5.458225325600870370e+00
7.749619670209518217e-03,-3.525266610997825214e-05,7.654956575774708299e-06,5.458224295383648617e+00
3.143702612436488197e-03,-1.182094813390740330e-05,7.163944666026486042e-06,5.458221766488766669e+00
-2.974901182003245222e-03,1.762382609060020937e-05,6.569982550675038041e-06,5.458219296005685450e+00
-7.296127711394695230e-03,3.753352803983263809e-05,5.944136294049532923e-06,5.458216596982522262e+00
-9.225004052700118765e-03,4.422999560111820987e-05,4.878632984092382048e-06,5.458211753976247138e+00
-5.253312450455767738e-03,2.775257241744663481e-05,4.449188880145317825e-06,5.458213144323631028e+00
-2.399619070269239346e-04,7.739968446612061458e-06,3.947283292525590134e-06,5.458217428157731810e+00
5.835073662333420397e-03,-1.591719096278233729e-05,3.397271038907718874e-06,5.458221977569123418e+00
9.330592536965418710e-03,-3.053164806464679003e-05,2.859488014159232281e-06,5.458223537602258979e+00
1.000000000000000021e-02,-3.680125389771544920e-05,2.326061279072624915e-06,5.458221729971265646e+00
8.176448464090695784e-03,-3.194778247761631556e-05,1.873934624449127141e-06,5.458218848188926664e+00
2.658096752831154604e-03,-1.456510746367035137e-05,1.370729439745133636e-06,5.458217384382541226e+00
-2.922119930731723828e-03,4.433655010070936113e-06,8.136204283759430996e-07,5.458217236488808410e+00
-6.588167810887304160e-03,1.853775633992004455e-05,2.435412951347386508e-07,5.458216398249501111e+00
-8.982940731729846875e-03,2.926133061905436756e-05,-2.872284719393978907e-07,5.458213870983507299e+00
-9.553041490942906083e-03,3.505992928421033044e-05,-8.016491804363385127e-07,5.458210591356632335e+00
-6.323894563624875113e-03,2.846551130865090202e-05,-1.223353588979062936e-06,5.458208683536062367e+00
-1.046807117363668990e-03,1.467595155256230132e-05,-1.619279777432341197e-06,5.458209098762279332e+00
3.805116033356005338e-03,7.597731972146608169e-08,-2.051280352854720236e-06,5.458210292040959644e+00
8.382704223443645034e-03,-1.543503969190087598e-05,-2.503913068427607475e-06,5.458210013075601275e+00
9.747659161676948403e-03,-2.358179286972448546e-05,-2.886089333361538590e-06,5.458207416596244421e+00
6.564210214778610705e-03,-1.983663644584946384e-05,-3.247120376140248767e-06,5.458204192496628693e+00
1.284368768839199695e-03,-9.263898707530077465e-06,-3.618257150433958206e-06,5.458202171060007046e+00
-4.900279674421098401e-03,4.381800775562921236e-06,-4.033662885454123122e-06,5.458200885638833988e+00
-8.721788723341802538e-03,1.464947021820935039e-05,-4.469332932719577524e-06,5.458198619415815855e+00
-1.000000000000000021e-02,2.153979856727069860e-05,-4.824049033328759944e-06,5.458195176432938389e+00
-8.565980573082162403e-03,2.152715585464627562e-05,-5.154798804490982302e-06,5.458192491810923030e+00
-3.641830794099893027e-03,1.469136062694530715e-05,-5.389546465070975555e-06,5.458192469935353230e+00
1.679211466916336005e-03,5.462648426428781760e-06,-5.646067908986053164e-06,5.458194450105521511e+00
7.507454150663251183e-03,-6.199457155593565336e-06,-5.905081047643731461e-06,5.458195833295618193e+00
1.000000000000000021e-02,-1.368049149838266747e-05,-6.103932290362719142e-06,5.458194435133907341e+00
1.000000000000000021e-02,-1.705194611561075549e-05,-6.301993419217627249e-06,5.458191130122146184e+00
7.024596573483454440e-03,-1.492991264028449729e-05,-6.416442113321384494e-06,5.458188645268576167e+00
1.197652994369683387e-03,-7.139214421255471792e-06,-6.576583677586107660e-06,5.458188590084319891e+00
-4.141983041953498090e-03,1.551261938412510840e-06,-6.759227154570716025e-06,5.458189605342227857e+00
-9.178881005016792383e-03,1.121973118106462252e-05,-6.943330463744788602e-06,5.458189192025963976e+00
-1.000000000000000021e-02,1.640130962456900641e-05,-7.127161911659065040e-06,5.458186426886572740e+00
-8.938092069894845032e-03,1.687009920552393226e-05,-7.193207506428405469e-06,5.458183158177688732e+00
-4.937268290170365032e-03,1.286858553739402053e-05,-7.262529119674106714e-06,5.458181799360543707e+00
7.432551365990759749e-04,4.347638421694898235e-06,-7.285134173609170965e-06,5.458182641322814277e+00
5.272276490773070839e-03,-3.322946060626727924e-06,-7.310913253664988062e-06,5.458183477889975599e+00
7.054474208774402962e-03,-7.437452359163619685e-06,-7.311953029132942894e-06,5.458182266696785412e+00
5.692523930162226437e-03,-6.879840144748151706e-06,-7.284764749994426884e-06,5.458179174166964742e+00
2.237101660390163147e-03,-2.811280249221755252e-06,-7.249499016867313069e-06,5.458175608447645821e+00
-1.587116259916281167e-03,2.466441020092234208e-06,-7.221622427673779729e-06,5.458172276973606074e+00
-4.662419024315670249e-03,1.021805256303853283e-06,-7.130459495282122839e-06,5.458165259933840829e+00
-4.049349555292154103e-03,9.192080424035715756e-07,-7.036768777612451238e-06,5.458161664353252007e+00
5.545875808018841746e-04,-5.875576654277085157e-06,-6.807091853175071123e-06,5.458155992400454792e+00
2.828294299667169845e-03,-5.459773742672141450e-06,-6.649458583417723438e-06,5.458153349713983360e+00
4.742211244615529737e-03,-9.912252019066820379e-06,-6.272585992523393404e-06,5.458146623555447441e+00
2.752915581707449447e-03,-5.116395023608745738e-06,-6.076316811200407840e-06,5.458143248880051424e+00
-3.065158434507994373e-03,1.419325820021294377e-06,-5.691933230706562835e-06,5.458137605605407394e+00
-4.740223908746312581e-03,6.762784596377388218e-06,-5.507626336333163716e-06,5.458134489590787730e+00
-3.966113412668672948e-03,1.546332062782282962e-06,-5.064568846991023079e-06,5.458127723866375014e+00
1.467295522884608412e-03,-7.760604704644822452e-06,-4.547156844988112215e-06,5.458122733512456470e+00
5.298525456567018677e-03,-1.082521849866669551e-05,-3.971128878026074127e-06,5.458117040561804245e+00
3.028035324039267309e-03,-4.460744144956813880e-06,-3.381058959430127994e-06,5.458111053940511326e+00
-1.043010860455333860e-04,5.887819243252601541e-06,-3.115460278638879023e-06,5.458109124005029678e+00
-5.383855059922062862e-03,4.401515252455296274e-06,-2.335868971126162319e-06,5.458102201476809689e+00
-1.756726125786539075e-03,-9.794570596385244833e-06,-1.750451881592694419e-06,5.458096568951946281e+00
3.971425480428923856e-03,-1.393081684968532686e-05,-1.141143409086585817e-06,5.458092030586310983e+00
2.908294820206196434e-03,-4.917723838362403700e-06,-5.592895888081105278e-07,5.458086383559844990e+00
-1.482311076178984824e-03,7.842863396558157128e-06,-5.118942364076885911e-08,5.458081470694772896e+00
-2.859800649019310099e-03,-8.511089442916674675e-07,6.821785183904025763e-07,5.458073671122081194e+00
1.569176846921917830e-03,-1.181796177351916714e-05,1.185289656093133884e-06,5.458069025814582531e+00
1.559667783076762329e-03,-1.058566046440103440e-05,1.862387885629803454e-06,5.458061687688060104e+00
-1.405537534367190143e-03,-1.190614547722558090e-06,2.222171568014739084e-06,5.458057272622961698e+00
-6.800939718029201404e-04,-5.106602685568755360e-06,2.730671419534431354e-06,5.458050489254627990e+00
1.197222882472383102e-03,-6.774722650293807263e-06,3.040451385637047219e-06,5.458046062308472557e+00
7.531059466687379817e-04,-1.099247885162929703e-05,3.401889997215485625e-06,5.458039937246502937e+00
-1.624676996441771788e-03,-1.335548158114554002e-05,3.639659109905534832e-06,5.458034582214464692e+00
-1.596152149996617506e-06,-2.938842851909636559e-06,3.814622674315506386e-06,5.458029188443362045e+00
1.858808237955146461e-03,-3.145349963561969788e-06,3.906564823088758023e-06,5.458024119645576100e+00
-4.824965099224061763e-04,-7.366649393138414329e-06,3.846963412292919684e-06,5.458020361283759669e+00
-1.729074440385230602e-03,-1.014664732597701694e-05,3.716791355300680831e-06,5.458016755487352434e+00
1.758082635933412054e-03,-1.140419363168757253e-05,3.497242583241976290e-06,5.458011702515795704e+00
6.515333048072520679e-04,-8.908571806257335529e-06,3.201556095752893764e-06,5.458008782646301071e+00
-1.521115227995656176e-03,-4.655509895160963939e-06,2.825717224045569647e-06,5.458006764755281459e+00
1.021831615625905460e-03,-1.159933959409176787e-05,2.362353982463842620e-06,5.458003428254589728e+00
2.211354722568662249e-04,-7.539817074507879367e-06,1.927684530460031834e-06,5.458001490874218042e+00
-8.965631540486326432e-04,-3.878249698110209209e-06,1.319630280618094528e-06,5.457999463436388865e+00
6.355819983535937771e-04,2.476145367938680459e-07,9.072123242193273183e-07,5.457997948947139299e+00
-2.187497168383739133e-04,-1.217940416450879076e-05,3.048484677894089032e-07,5.457996535073929678e+00
-1.179501650653624005e-04,-9.547200487409458704e-06,-2.313954746002437445e-07,5.457995578873239495e+00
4.862067836215925687e-04,1.281843244057572522e-06,-5.872929561916201767e-07,5.457995022821192421e+00
-3.578758007876450820e-04,-1.096566555071602286e-05,-1.046164999702213839e-06,5.457994760926990985e+00
7.538887612290354570e-05,-4.360163854840015014e-06,-1.311404698752008502e-06,5.457994715713503808e+00
4.914385866299105892e-05,-8.332357655022427174e-06,-1.611304334847882926e-06,5.457994942337387023e+00
-9.350462069462081409e-05,-8.317047626449923490e-06,-1.823066638494229814e-06,5.457995489872813799e+00
1.110621487277787243e-04,5.800064777314322023e-08,-1.915465186859898788e-06,5.457996029755110001e+00
-6.442071450045886252e-05,-9.457670786219280528e-06,-1.978068885559064889e-06,5.457996968088560941e+00
2.335391359450165029e-05,-6.810050164056044236e-06,-1.947338701188393751e-06,5.457998084888074253e+00
6.103109866881399679e-05,-1.526064440323213857e-06,-1.876592320405317173e-06,5.457999034045089459e+00
-6.668747424766599324e-05,-4.128124989143240294e-06,-1.729340879925008535e-06,5.458000431171335265e+00
2.041630424403151071e-05,-1.627180529980009764e-06,-1.577580310514764456e-06,5.458001533259283278e+00
2.081691690676222190e-05,-1.102775245056789048e-05,-1.339725690112100657e-06,5.458003093118768412e+00
-3.060819193741764923e-05,-4.565650987134011992e-06,-1.065929550814214946e-06,5.458004723732158503e+00
3.494451998343357237e-05,-1.403219415620622294e-06,-8.453526927479278761e-07,5.458005978521030421e+00
-2.017572712325062354e-05,-8.362243871178526343e-06,-5.511835385501938631e-07,5.458007667460470280e+00
-4.463672752067738472e-06,1.087233882099254079e-06,-3.255292039896074897e-07,5.458008946215953117e+00
7.752898321918538698e-06,-6.088186589126096900e-06,-4.196837519444281816e-08,5.458010640281185211e+00
-9.283042680049091193e-06,-5.321617803983723207e-06,1.574844076127289995e-07,5.458011896806654661e+00
2.707986110757708626e-07,-6.316429764841852672e-06,4.014208581654425210e-07,5.458013554906042231e+00
1.015557860018679374e-05,-2.862768514298025433e-06,5.621015480991289949e-07,5.458014773557336774e+00
-1.312964655792228235e-05,-7.424830119321288208e-06,7.382255688956662740e-07,5.458016350989248977e+00
7.502070712867992127e-06,-1.738978982081453002e-06,8.439765699799594282e-07,5.458017485894831822e+00
-4.548934360167101704e-06,-6.177885805401130911e-06,9.417545965255897356e-07,5.458018939318912466e+00
-1.593802078738882310e-06,-2.443231699521609735e-06,9.873427145121355988e-07,5.458019980125438764e+00
7.764774571115655517e-06,-5.889729584261692178e-07,1.007513427986681778e-06,5.458020975380100559e+00
-8.846123826383818289e-06,-8.246799608484875357e-06,9.955360056909233919e-07,5.458022228976069812e+00
2.115304693646652348e-06,-1.979306789623188191e-06,9.648821768204085845e-07,5.458023123226189988e+00
-6.670354489265997027e-07,-4.085142713656698191e-06,8.910562556767191395e-07,5.458024224503139621e+00
-3.956319215081643452e-06,-4.153035096004426729e-06,8.164002108599108645e-07,5.458024987172845677e+00
5.440312798838520558e-07,-5.709739869049097670e-06,6.970080834716056576e-07,5.458025925682975732e+00
-2.038742975440136315e-06,-4.588436904117502121e-06,5.942525072539602299e-07,5.458026574074430037e+00
2.047616402401240022e-06,-1.006511523453963282e-06,4.868473797726220196e-07,5.458027162624627948e+00
-4.760633154338730580e-06,-6.734153692684254376e-06,3.353153497721375304e-07,5.458027866513241122e+00
2.709402502686772856e-06,-1.874103986556463205e-06,2.235093817408663130e-07,5.458028335100838291e+00
4.011630446957073922e-06,-3.254827360782271443e-07,1.125159533439782813e-07,5.458028754066734045e+00
-1.196808483515955895e-05,-9.732607151129054785e-06,-3.204863714433167930e-08,5.458029240760098766e+00
8.019757131044483937e-06,-8.308889911301048333e-07,-1.261889154906774003e-07,5.458029548985107837e+00
6.794774246731884012e-07,-6.489585395746234488e-07,-2.422353634386481264e-07,5.458029892577047626e+00
-4.613376416235064088e-06,-4.675422034724559017e-06,-3.416567338675054798e-07,5.458030161759277910e+00
1.033064720468562273e-05,6.681906526584727054e-07,-3.823738342347383333e-07,5.458030268957666742e+00
6.779104795346417581e-06,1.255649391644884946e-06,-4.477017716175016671e-07,5.458030431341095223e+00
-1.667034260981804341e-05,-8.230159018311167490e-06,-4.938736432088073274e-07,5.458030528871666398e+00
6.145437825640762586e-06,-1.376487752205763901e-06,-5.053027549187122529e-07,5.458030554852919103e+00
1.773747026740565746e-05,3.598979897183022645e-06,-5.116217033923013590e-07,5.458030564207490443e+00
-2.744945134040073344e-05,-9.061519213905900577e-06,-5.043493659471009027e-07,5.458030521563101090e+00
-3.778413725194792408e-06,-3.384738961068933396e-06,-4.900556469818164469e-07,5.458030482315225029e+00
2.962332002063714409e-05,4.077409920761975283e-06,-4.465180172979578787e-07,5.458030370820987187e+00
-3.312178812628210152e-05,-8.160102841832748215e-06,-3.974234137953557986e-07,5.458030219991349519e+00
-1.633700011567437303e-05,-3.830160328116105624e-06,-3.655389145124882924e-07,5.458030131514408190e+00
3.806570652057283607e-05,3.321411866384697940e-06,-2.913633547152729755e-07,5.458029931101020082e+00
-3.137077090209476360e-05,-7.264662232820151814e-06,-2.200120055500777973e-07,5.458029703092897478e+00
-2.718546106993859819e-05,-3.289951226332818882e-06,-1.808787556468887225e-07,5.458029580529217384e+00
3.973581869313576402e-05,2.602914533903534900e-06,-9.828513239396907792e-08,5.458029321008393886e+00
2.556012605951881028e-05,1.012325858733333408e-06,-6.210432664545354786e-08,5.458029184690438740e+00
-3.743996209195105416e-05,-5.439725487617624668e-06,9.084115384453371211e-09,5.458028901502828489e+00
2.336395653998958716e-05,-4.104553456759286462e-06,7.897331192624824110e-08,5.458028609766951256e+00
4.442882596453229954e-05,3.011893674277396983e-06,1.113560765030018261e-07,5.458028461026449563e+00
-2.835205127970391484e-05,1.721776082095228531e-08,1.640137416189405955e-07,5.458028158857379353e+00
-6.895268303205103708e-06,-9.689944848921241738e-06,2.047199007261794550e-07,5.458027856675269796e+00
4.434478715518907414e-05,-1.027917493588271973e-06,2.247049613583114177e-07,5.458027706392802436e+00
-2.061089022950215789e-06,4.335796598550748235e-06,2.526002605675609004e-07,5.458027405757018613e+00
-4.616780692598812573e-05,-7.892921103254953591e-07,2.568636112553450780e-07,5.458027257334194360e+00
1.964187562562488492e-05,-6.995883005191186648e-06,2.639795577902353579e-07,5.458026967337219482e+00
5.483889657203143262e-05,-1.570394356964196339e-06,2.648266253547318488e-07,5.458026825432600759e+00
-2.881614103368634338e-05,1.390714521308565982e-06,2.571073146044491183e-07,5.458026546425966963e+00
-1.713292454656448796e-05,-8.671881176171965732e-06,2.362707200024326012e-07,5.458026280391058194e+00
4.810303701741609306e-05,-2.495101456802994681e-06,2.259908426215766105e-07,5.458026152943013187e+00
5.684330062345840097e-06,3.120239750112244769e-06,1.990936085886575144e-07,5.458025904963362152e+00
-5.328805042310675921e-05,1.883471509509912337e-08,1.786334606357107305e-07,5.458025786167972626e+00
1.544066077236450605e-05,-6.411816080798710623e-06,1.409482841178599731e-07,5.458025561681366433e+00
6.525935976023495547e-05,-2.419622431020334972e-06,1.221007207530338690e-07,5.458025455473035414e+00
-2.771039208382257998e-05,6.128942048462677930e-07,8.258797632594137877e-08,5.458025252265193750e+00
-6.290226234502461231e-05,-6.744835768286941449e-07,5.976659371133784664e-08,5.458025157057322829e+00
4.683106765416867072e-05,-5.047165958304876915e-06,2.081623603536042109e-08,5.458024980791155834e+00
6.600423925963158427e-05,-2.264331556313690798e-06,1.567293821705224282e-09,5.458024898424723936e+00
-5.461821784976554140e-05,-8.328008722471254419e-07,-3.437574500517756600e-08,5.458024744768406045e+00
-5.427265830875047331e-05,-1.103847947179437675e-06,-5.242553648758967218e-08,5.458024674714564206e+00
6.776024983165208546e-05,-4.283975465276619173e-06,-7.985164571508144198e-08,5.458024547824170902e+00
4.879842280573428760e-05,-2.137732826406264688e-06,-9.333658788576869828e-08,5.458024489973321458e+00
-6.702393459082786283e-05,-1.735156838981231817e-06,-1.144505643359192944e-07,5.458024386283952367e+00
-2.870089734988161598e-05,-1.425794304439466799e-06,-1.234304972349330223e-07,5.458024340750839087e+00
7.149629417826739309e-05,-3.895778484112809034e-06,-1.328973802030451042e-07,5.458024260987239806e+00
1.728714578646027168e-05,-2.058344917314702429e-06,-1.378417096102709076e-07,5.458024227132282746e+00
-4.932995019559972832e-05,5.323315320922994030e-06,-1.396389501006452765e-07,5.458024197183307891e+00
-2.268080446583348314e-05,3.651122807963165622e-07,-1.412413262886007799e-07,5.458024158482275290e+00
6.144439974824689090e-05,-1.736449148210540198e-05,-1.397991916926930338e-07,5.458024118979862394e+00
1.345281337143812322e-05,-4.147608708020344605e-06,-1.322267129189393717e-07,5.458024105350682831e+00
-5.037243350466066735e-05,7.280466203973536803e-06,-1.154560241687846483e-07,5.458024087948935232e+00
9.206821623712368972e-06,-4.635863056890407364e-07,-1.115546723724070317e-07,5.458024083080903921e+00
6.639279003524295214e-05,-2.211128490010068789e-06,-1.047304749958374564e-07,5.458024080908224995e+00
-2.123806388251103875e-05,-7.323526202895174303e-06,-8.651984127923014386e-08,5.458024089344392316e+00
-6.487631440387082429e-05,-3.340677876249974509e-06,-7.698239458633380246e-08,5.458024098771467436e+00
-2.638424971823427734e-05,7.155637185957772595e-06,-6.393952505296954907e-08,5.458024109168036375e+00
6.979457752004182883e-05,-6.191797594062087632e-06,-4.374645522333304417e-08,5.458024137214656513e+00
1.601874903913255658e-05,-1.125990803820532175e-05,-3.653297176305571295e-08,5.458024158314391805e+00
-5.024121425429343383e-05,-9.626073403029153411e-07,-2.426610796486884700e-08,5.458024183142484276e+00
7.993814984739123231e-06,-1.058578766776980322e-06,-6.036626709421063624e-10,5.458024234929164997e+00
6.679061808663791771e-05,-5.726794179415163156e-06,6.853449209949159973e-09,5.458024263478033156e+00
5.503617238242776942e-05,4.458566793483278871e-09,1.701089452837027706e-08,5.458024296833728251e+00
-6.571338537469589912e-05,-5.996418304025024105e-06,3.340702548849550834e-08,5.458024376956874590e+00
-3.409165156998277847e-05,-7.011574359710685817e-06,3.964570687711496705e-08,5.458024417289767172e+00
4.386142887499405691e-05,3.150712017028731396e-06,4.970779198052226299e-08,5.458024457890593872e+00
5.821107157385131301e-05,4.835438089093226884e-06,6.020693480500054185e-08,5.458024527481532218e+00
-1.095182556411153634e-04,-2.772034447364737312e-05,6.418779066453834683e-08,5.458024666533502156e+00
-7.178839445842650515e-05,-1.847073222354979948e-05,6.934490166391830889e-08,5.458024720073098912e+00
5.781170902005951430e-05,1.262961277443398170e-05,8.245462119339161887e-08,5.458024771088142657e+00
1.289723241906092107e-04,3.241468329106097823e-05,8.905570786108335385e-08,5.458024825571178518e+00
5.775363479169564289e-05,2.381007684956690590e-05,8.134145254399816086e-08,5.458024889316516415e+00
-1.162354787132651422e-04,-3.829545443268308488e-05,6.193023529921357283e-08,5.458025029164869757e+00
-1.618036553515603886e-05,-2.783416022863353107e-05,6.484887589229822622e-08,5.458025093668403827e+00
1.100699750035841011e-04,1.152385985260660980e-05,7.785689078014925867e-08,5.458025160528221065e+00
-7.294499280932234436e-06,7.271775035068090178e-06,6.959203445772982477e-08,5.458025327422663331e+00
-1.172159483856511888e-04,-1.816507228044475516e-05,5.509490570100423306e-08,5.458025418829851816e+00
5.199598972793124962e-05,-1.836489452521884670e-05,5.460510378511763270e-08,5.458025578512289755e+00
1.196738144407127511e-04,7.606872323388754709e-06,5.820620141491936029e-08,5.458025710472989900e+00
1.004955005611055684e-05,1.771106053217282110e-05,5.047758910182551827e-08,5.458025817404493552e+00
-1.075712967028367149e-04,1.672752805901747320e-05,3.898354108382564565e-08,5.458025925650714427e+00
3.419322534904900785e-05,-2.799287698221058492e-05,1.945587778243464076e-08,5.458026103315593680e+00
1.314304269720899612e-04,-2.270661445465527032e-05,1.769764471725732845e-08,5.458026192410605049e+00
-5.652537678643059296e-05,7.869279320990642018e-06,1.886465150875551514e-08,5.458026424771081686e+00
-1.257266307818292171e-04,8.667665961328404538e-06,8.919420992220188191e-09,5.458026540074930821e+00
5.543173026843224428e-05,-1.834051133256156253e-05,-4.995678909634597683e-09,5.458026723702400496e+00
1.221534231020844359e-04,-1.468782462325254739e-05,-8.662128117143236680e-09,5.458026816164009531e+00
-7.024220234671977941e-05,1.277677756501032749e-06,-1.188683320709255984e-08,5.458027050121914137e+00
-1.079761561239588784e-04,3.248491804697933787e-06,-1.933000017613171511e-08,5.458027161148097939e+00
1.375464072886512109e-04,-1.161302429961598838e-05,-2.515942481972000921e-08,5.458027341700772972e+00
1.652779206703263500e-04,-6.805809669526578728e-06,-2.788227812012358585e-08,5.458027447932186860e+00
-1.392231387406170091e-04,-1.718928115259391974e-06,-3.350902264492658426e-08,5.458027723896349492e+00
4.291487738552893835e-05,-1.978731722648681087e-05,-3.630993020825638067e-08,5.458027918283543833e+00
1.733222452916218989e-04,-4.062060425338151168e-06,-3.269611250137177140e-08,5.458028003608215606e+00
-7.683935390606074856e-05,4.133997720754768111e-06,-3.699417584855898940e-08,5.458028243197921014e+00
-1.688838471391278240e-04,-3.507769144493071335e-05,-4.513938441278994755e-08,5.458028426471682515e+00
1.227078492667702469e-04,-1.887869554513014621e-05,-3.651724608455138568e-08,5.458028467300978903e+00
2.026979553562870281e-04,2.122048504817840073e-05,-1.919361699131713807e-08,5.458028628036029062e+00
-3.579664426266157876e-04,-9.125046203159950186e-06,-3.956126729495383449e-08,5.458028902373515123e+00
1.095557881594825069e-04,-2.525160956911316537e-05,-2.585478855028035484e-08,5.458028951086128622e+00
3.568887359663799907e-04,1.678753715736054021e-05,-1.493252676627454500e-09,5.458029031000392273e+00
-3.712937853831600071e-04,5.609158602684184279e-07,-2.577858848411596993e-08,5.458029343743544537e+00
-2.953455191220913682e-04,-1.271101506743647572e-05,-2.461173041565796557e-08,5.458029398350332073e+00
4.146268798987789712e-04,-8.661076818015243570e-06,2.851854903217992463e-09,5.458029376687124845e+00
-2.213347069697119173e-04,-5.885880980159121792e-06,1.606289647099318234e-09,5.458029596282647944e+00
-1.168455041773208746e-04,-8.482245363982352592e-06,1.133604613011912133e-08,5.458029668614361007e+00
3.995903202477336740e-04,-6.655234008363745539e-06,2.755405011324140553e-08,5.458029623876637260e+00
-3.824476293853226738e-04,-4.691752267396022081e-06,1.508839522498312371e-08,5.458029840009396949e+00
1.110847931052469454e-04,-6.946457254136552356e-06,2.775412404138281842e-08,5.458029791149351162e+00
2.681874824320905045e-04,-5.853264913387570538e-06,3.120852877700124933e-08,5.458029769628025996e+00
-4.431389363829201888e-04,-4.418242730640174901e-06,1.687386740474848011e-08,5.458029950704106348e+00
4.454241447983283125e-04,-2.289751835946761464e-05,3.098325643578091094e-08,5.458029779011199345e+00
-4.012334366459594328e-04,8.841912218988657763e-06,1.443439728576907522e-08,5.458029969067863085e+00
8.889045438233851538e-05,4.028979417531650572e-07,1.508222930073675087e-08,5.458029870671454731e+00
3.170873413163622398e-04,-1.620397145117721547e-05,1.099574043422489195e-08,5.458029789489684980e+00
-4.833629930204992012e-04,2.614487172831224526e-06,-2.084925847804095701e-09,5.458029967209678368e+00
4.948296019473217558e-04,-2.579090666824575634e-05,4.827950580325040373e-09,5.458029732466506800e+00
-4.186879858931928742e-04,5.989158832679663401e-06,-8.284174034631344862e-09,5.458029930357492177e+00
6.204936154428249682e-05,5.458109242211489469e-06,-6.752705874707310690e-09,5.458029823986842999e+00
3.711682618697683908e-04,-1.789911250903210237e-05,-1.038283704895396848e-08,5.458029719732348184e+00
-2.404788687653472564e-04,-8.473212008743729630e-06,-1.564648637910944724e-08,5.458029868247382232e+00
5.314223084472989881e-04,2.660119107157402984e-06,-2.175624909569154431e-09,5.458029674811492704e+00
-4.252830101234335997e-04,-3.054264787509120993e-06,-2.628419538776474645e-08,5.458029888699823751e+00
3.493793443527981921e-05,-8.098213853650111326e-06,-1.622037221852347088e-08,5.458029790599120190e+00
-1.589393576082763829e-04,-1.420752013521400945e-05,-1.294976868741513110e-08,5.458029810550200978e+00
-2.989458543767219362e-04,4.070858058867750911e-06,-1.036955763268660023e-08,5.458029850787653459e+00
5.769937512657667559e-04,-7.372990364854449731e-07,1.797356592835804676e-09,5.458029635883371533e+00
-5.229005154510715531e-04,-1.813731741731835050e-05,-1.273930647108171703e-08,5.458029879393223815e+00
5.265708873331944109e-04,1.051913559751189257e-05,1.466364439607414353e-08,5.458029636418302744e+00
-1.285955714291724919e-04,-2.126958452843164738e-06,-7.397539753614974490e-09,5.458029742720277966e+00
3.042806806233194035e-04,-1.623174038082233548e-05,6.993966446380618805e-09,5.458029641042036140e+00
2.176060208639852254e-04,1.285354189595040811e-05,1.387040693895287981e-08,5.458029592728546930e+00
-5.722828328722360429e-04,-4.730553380315814484e-06,-5.217336487284693173e-09,5.458029745056780513e+00
5.494777959612606993e-04,-1.260626387130416850e-05,1.822336051080431013e-08,5.458029476665293700e+00
-1.058074152457806573e-04,5.670818541572552987e-06,1.842179470650341659e-08,5.458029542435015813e+00
2.957692257894508096e-04,-2.077154737681214874e-05,2.396856255271726824e-08,5.458029413065398572e+00
2.646394999612035120e-04,5.027479946793160414e-06,3.721923557350178486e-08,5.458029320917857419e+00
-6.243322458058122399e-04,4.876572124479685902e-06,1.789102698024489859e-08,5.458029450039794561e+00
5.695032742872620235e-04,-1.465274112678526372e-05,3.471263899275644749e-08,5.458029157992685398e+00
-7.842783685363134065e-05,1.470327235094562904e-06,3.404877945023441574e-08,5.458029176404352256e+00
-4.544302944310400663e-04,1.627062466294032517e-06,2.497507287491200448e-08,5.458029176982136299e+00
7.002986318456911339e-04,-1.052186755053735456e-05,3.979808626886821340e-08,5.458028876055255552e+00
-4.222109240552179886e-04,1.994830008003480517e-07,2.455433902483651635e-08,5.458028987195040926e+00
-1.388939269216078146e-04,-3.389383840286303528e-07,2.436877255470837573e-08,5.458028851176234930e+00
5.729897256507307871e-04,-8.458523931466057519e-07,3.163020504724581879e-08,5.458028685517160916e+00
-3.396928898913889979e-05,-3.254781175272583838e-06,1.960179651213637285e-08,5.458028664086572945e+00
-5.118447095124665884e-04,-6.150607878440463930e-06,7.304413484331121204e-09,5.458028661643145263e+00
7.320916783043953258e-04,-1.659951648822035450e-06,2.529686472345790549e-08,5.458028356693692018e+00
3.808124040713632415e-04,3.311149622718490356e-06,1.675761824583072034e-08,5.458028341686347318e+00
-7.236078379943408287e-04,-2.248330469331828569e-06,-8.453145336964227958e-09,5.458028448212249195e+00
5.855301755908239036e-04,-9.583433947475849575e-06,8.039040297940126379e-09,5.458028159227394482e+00
6.882595637336038361e-04,-5.753482900117407943e-07,1.198337329809453855e-08,5.458028063707055288e+00
-6.876031806779516137e-04,4.041048077097686355e-06,-1.494291281478748021e-08,5.458028206432905982e+00
-5.742178975596424085e-04,-2.151382949134122733e-06,-1.539825731024974148e-08,5.458028137020283665e+00
7.750859028137253729e-04,-7.524183651782111243e-06,5.280743956409870257e-09,5.458027851300403022e+00
4.447384990166241615e-04,-1.421867815688740834e-06,2.167066422668892683e-09,5.458027831801151919e+00
-4.057427455556644118e-04,6.476674407034465967e-06,-1.212892749595606850e-08,5.458027939553065977e+00
-2.430275879772445457e-04,-3.491182041701957059e-06,-1.250487134743518555e-08,5.458027844581474497e+00
5.955811851597990350e-04,-8.947473901294553561e-06,-8.710803835528206489e-10,5.458027702729570940e+00
7.527648519379785555e-04,-4.960689763836545859e-06,5.298073172357331098e-09,5.458027613023282321e+00
3.873406951249408047e-05,3.042869590316001448e-06,-3.765883006564547891e-09,5.458027683319516044e+00
-7.246280798024710024e-04,6.633665200776176610e-06,-1.755365485582261653e-08,5.458027785977933810e+00
-6.488382529731665004e-04,2.619394341124614193e-06,-1.624192263646183612e-08,5.458027738620457647e+00
1.878436511085483272e-04,-4.541133645723618970e-06,-3.126454068963862220e-09,5.458027614036677022e+00
8.208111586022625748e-04,-7.811569070100897423e-06,7.801139280903946185e-09,5.458027495267256946e+00
5.115343130627150866e-04,-4.601470207021213873e-06,6.148604619163753022e-09,5.458027493991265189e+00
-3.902699243582331314e-04,1.177411036407691945e-06,-8.297928908291492783e-09,5.458027640557178373e+00
-8.417233596638978984e-04,3.555395991447723666e-06,-1.622512433992328955e-08,5.458027703752790671e+00
-3.122821457487836368e-04,5.534347261731376018e-07,-5.547641160279958329e-09,5.458027621919910644e+00
5.930342990409459645e-04,-4.255220670900326730e-06,1.012015176880793003e-08,5.458027508757449908e+00
8.252474498418880047e-04,-5.831927790214081041e-06,1.393130182622287551e-08,5.458027445987529980e+00
1.068327950433377337e-04,-2.869542326462740689e-06,9.876460380023999064e-10,5.458027560096573083e+00
-7.368256448918861830e-04,1.223506111386326278e-06,-1.549140362708656103e-08,5.458027729018349206e+00
-7.255723858330520972e-04,2.233594619136769726e-06,-1.402234627190087739e-08,5.458027734522906904e+00
1.368804709122576789e-04,-4.614153829415987649e-07,3.777697878229135307e-09,5.458027647556010997e+00
8.566132603343786130e-04,-3.579818354523751277e-06,1.581682063259966209e-08,5.458027563206117705e+00
5.947358375610602111e-04,-3.711770275192189276e-06,8.384786821784587426e-09,5.458027595572322532e+00
-3.548039834547029258e-04,-9.250681625930959248e-07,-1.210231918331739720e-08,5.458027795641770652e+00
-8.950931684155432472e-04,1.614371842151286312e-06,-2.270472440015196497e-08,5.458027918753622032e+00
-3.931580835535399064e-04,1.298166128922369825e-06,-1.002111702056051556e-08,5.458027883383246071e+00
5.783694102451864731e-04,-1.161366371588325468e-06,9.727583804639251562e-09,5.458027814778380282e+00
8.945263507562797953e-04,-2.784832716753885675e-06,1.304460189489130855e-08,5.458027784412797345e+00
1.803380591898202478e-04,-1.775085640292197947e-06,-4.470499322257304434e-09,5.458027925408453385e+00
-7.447261696542312268e-04,5.770799211440082614e-07,-2.442029442600504059e-08,5.458028137507203503e+00
-8.070577937902501326e-04,1.568511688220305795e-06,-2.311817443383094751e-08,5.458028189599346547e+00
7.509635816828536849e-05,2.197838014937511195e-07,-1.983573209997679796e-09,5.458028154687415423e+00
8.858705833309828831e-04,-1.726223324505636102e-06,1.366780525027435132e-08,5.458028119178395698e+00
6.813387729772797056e-04,-1.951294868343660617e-06,6.344407527540737417e-09,5.458028171397807604e+00
-3.115910856160083206e-04,-2.681099447712721949e-07,-1.618192024639784760e-08,5.458028388723549007e+00
-9.467676163332851324e-04,1.262541811063558526e-06,-2.783008296157936807e-08,5.458028546572423423e+00
-4.815603102477725313e-04,8.290415491600460002e-07,-1.359467146659831764e-08,5.458028561488019292e+00
5.546536669971334184e-04,-1.023927487214483910e-06,1.011667397583815440e-08,5.458028559601445728e+00
9.628662318088568794e-04,-2.092965881789258439e-06,1.690478518786314864e-08,5.458028571324012646e+00
2.614050847086855228e-04,-1.148087682766445877e-06,-3.325021930784053045e-11,5.458028720151395952e+00
-7.458896454227019511e-04,6.189577637288765263e-07,-2.108098690751209311e-08,5.458028950127399526e+00
-8.909230663070972448e-04,1.036620901372856770e-06,-1.978340773765622126e-08,5.458029043984439888e+00
4.167474603270541267e-06,-4.643203014582665806e-07,3.991319178980255353e-09,5.458029080583739479e+00
9.095106119193454739e-04,-2.182877841071187057e-06,2.374987087064757649e-08,5.458029120787258215e+00
7.722045116989210501e-04,-2.146055545509360802e-06,1.880374511786994075e-08,5.458029202901169441e+00
-2.592223233262326283e-04,-4.511485026710352557e-07,-4.516262052569126726e-09,5.458029431650828656e+00
-9.950168573789107494e-04,8.304866631879396031e-07,-1.771510855042102253e-08,5.458029624258912804e+00
-5.762905593245382097e-04,9.593893740929920372e-08,-2.488295119071954178e-09,5.458029705811667576e+00
5.221527018936072658e-04,-1.900129258354428725e-06,2.485462076996515280e-08,5.458029801526182112e+00
1.030228450833005913e-03,-2.902311705939116590e-06,3.468201550113581405e-08,5.458029887886516107e+00
3.506622425329455612e-04,-1.779833875477710539e-06,1.717977145816425255e-08,5.458030067132748187e+00
-7.389038387555153017e-04,1.179205124899423500e-07,-7.034415636380786837e-09,5.458030335209658190e+00
-9.759350787672970871e-04,5.234844585783627765e-07,-7.012190181947750539e-09,5.458030496226986550e+00
-7.578222583465558276e-05,-1.102100778208534077e-06,1.955586225006898668e-08,5.458030636491946197e+00
9.268343760391460802e-04,-2.923189327980046084e-06,4.297319669397356430e-08,5.458030794573049072e+00
8.670766586822709890e-04,-2.829272323812827042e-06,3.803250934001621664e-08,5.458030953435446975e+00
-1.967517970599782953e-04,-8.988455196022131380e-07,1.039071292809148176e-08,5.458031241664983213e+00
-7.843054118886266194e-04,-6.633125162193621222e-06,-2.045234581654977175e-09,5.458031395865820201e+00
-3.721776269595945493e-04,5.210975564955658611e-06,1.624557257556157888e-08,5.458031707746512140e+00
4.811350174324206266e-04,8.623835269008972890e-06,4.078648712649052545e-08,5.458031923289924592e+00
7.883018442474466238e-04,2.238305133259337041e-06,4.099275035875338161e-08,5.458032136037972215e+00
1.864976947107886923e-04,-6.012752399641931614e-06,1.818626096216532326e-08,5.458032414225709950e+00
-6.340699441338436054e-04,-8.080327052776195410e-06,-2.095078004170707463e-09,5.458032739757589624e+00
-7.217399640293486410e-04,-3.224214936203123956e-06,1.820937281603644470e-11,5.458033010091708270e+00
3.298421452560122328e-05,2.861365899835588584e-06,2.441137717832981396e-08,5.458033291307748058e+00
7.614689595999956642e-04,4.650770080545618285e-06,4.182457394090348619e-08,5.458033589746867698e+00
6.165725482155092483e-04,1.765976767436172218e-06,2.913822840874001279e-08,5.458033904848087481e+00
-2.422024889809720695e-04,-1.923176130668890573e-06,1.198385678283222024e-09,5.458034309793469596e+00
-8.240062081762340208e-04,-2.818441812478411024e-06,-1.248407501050266946e-08,5.458034705702589306e+00
-4.496824396581334355e-04,-6.689928549304766910e-07,7.778042525520379462e-10,5.458035065383622708e+00
4.553629565895118210e-04,2.159974554020156724e-06,2.469802497928916951e-08,5.458035459473697948e+00
8.446543834690344336e-04,3.476107664293091941e-06,2.881091027062063764e-08,5.458035850009719248e+00
2.604491285595955316e-04,2.976125746578801524e-06,5.810292540393864060e-09,5.458036305522713683e+00
-6.280702089770351078e-04,1.771726342302743726e-06,-1.936990112585403692e-08,5.458036827597938512e+00
-7.913719515275994664e-04,1.054070332869920997e-06,-2.146344225765256338e-08,5.458037291392949797e+00
7.253056485899501754e-04,3.628674529661463018e-05,2.293339779625506091e-09,5.458038710395162418e+00
-5.370308031599344738e-04,-1.314896964784529433e-06,-4.603516363018431106e-08,5.458040301522531834e+00
9.172132445961338762e-04,7.168264477491159083e-06,-2.778637740206815931e-08,5.458041113322932070e+00
-8.621119283104728033e-04,1.332408356502500995e-05,-4.338075103937032285e-08,5.458042193126742880e+00
7.912654259305811500e-04,-7.164599167878807722e-06,-4.269113611521070032e-08,5.458042687106444468e+00
-8.821825396160418642e-04,2.012834682271077993e-05,-3.184231109214864623e-08,5.458043099693481892e+00
3.749141346995996278e-04,-5.522075768057970313e-06,-3.876644062708122755e-08,5.458043191210951939e+00
4.326710484044419451e-04,-5.053975889271515895e-06,-1.843416434292089909e-08,5.458043080687704496e+00
-1.751752817480050966e-04,1.516161321467100817e-05,-2.024643383715583882e-08,5.458042674659935756e+00
8.513536877846459737e-04,-1.305511903999552532e-05,-1.619762934996638734e-08,5.458042276180901098e+00
-9.095416941524405363e-04,3.646175468325570958e-06,-1.236978521173541511e-08,5.458041698244379347e+00
3.378972966264131910e-04,9.323449657314148841e-06,-9.782296443280979518e-09,5.458041073521682662e+00
5.131319054136079154e-04,-6.707549087817288984e-06,-2.341879310869273569e-09,5.458040317328960001e+00
-9.893149091433053790e-04,3.320394506523659256e-06,-1.167420420885182162e-08,5.458039457410673201e+00
7.907319744556474961e-04,5.033337345878976249e-06,-2.987920721981724631e-09,5.458038654468666984e+00
6.970959512748163374e-06,-3.049934334463000113e-06,2.228523715356015412e-09,5.458037682500734178e+00
-7.903780761362474809e-04,2.449209768841463763e-06,-1.093295183549197144e-08,5.458036666982034824e+00
1.050664867195068124e-03,2.183440012386341481e-06,4.001634160543128328e-09,5.458035752077165625e+00
-5.336604689631211946e-04,-7.985936651446496823e-07,2.960398120972238451e-09,5.458034714002421239e+00
-3.500096607401049120e-04,1.245164201432153251e-06,-6.480756026037484499e-09,5.458033667372474973e+00
1.030470764458730169e-03,5.791676699000403010e-07,1.237900629527462477e-08,5.458032692860560253e+00
-9.564271832718365457e-04,5.291453937092207536e-07,3.160387411224021673e-09,5.458031703519401034e+00
2.226849756393896828e-04,-9.934765909157432453e-08,2.623157324423399116e-09,5.458030737191950088e+00
7.169826233217951265e-04,-6.338155636401112906e-09,2.013452011719748746e-08,5.458029780810956133e+00
-1.132239552860219572e-03,1.086509142667572941e-06,4.417761682304714499e-09,5.458028900666491268e+00
-4.593667863183841090e-04,-1.401002698008395848e-06,4.465872995654528383e-09,5.458028452702405886e+00
1.121043379471083198e-03,-1.606848360181060597e-06,2.569696394316196192e-08,5.458027643926226524e+00
-9.555011826464259632e-04,3.426070386516755369e-06,1.450717047998826285e-08,5.458026924094864896e+00
1.343990527455716350e-04,-1.911935709507889536e-06,1.470347911104738741e-08,5.458026182356939593e+00
8.353213989340658834e-04,-1.702957395029347545e-06,3.304643294372894040e-08,5.458025492893419539e+00
-1.192128460545799611e-03,2.646405939830148858e-06,1.399775958069317285e-08,5.458024988597165006e+00
-5.798265996505172579e-04,1.176140654586299939e-07,1.444126450199537803e-08,5.458024679481165542e+00
1.208778750021306542e-03,-3.401646707228575959e-06,3.495974483331746006e-08,5.458024165125131333e+00
-9.430206872623123071e-04,2.202886389544819829e-06,1.975938190042965358e-08,5.458023858955843188e+00
3.140656705250020815e-05,-1.004953980399676566e-06,1.905707087659293035e-08,5.458023450567621282e+00
9.589240547601996260e-04,-2.893052817987906527e-06,3.536048346711178250e-08,5.458023096725684198e+00
-1.245115966945711415e-03,1.948228975584252844e-06,1.042938643994870029e-08,5.458023032355138859e+00
-7.096686549139542268e-04,1.160533447060840299e-06,1.020439483496245291e-08,5.458022886887700764e+00
1.292638490892207125e-03,-3.335295045157194691e-06,3.080369133964992819e-08,5.458022686656590849e+00
-9.167805010480968532e-04,1.685371894570551333e-07,1.013359030709934217e-08,5.458022787168112622e+00
-8.625377366013613396e-05,-3.117747786838116699e-07,7.961417324860345827e-09,5.458022708648868182e+00
1.086664861660311234e-03,-2.947925634248635297e-06,2.424352048669503105e-08,5.458022652271861119e+00
-2.517285172765334556e-04,-1.681424892722192879e-07,1.100081356883720343e-08,5.458022821206131248e+00
-8.376830279557753722e-04,7.558167030343521149e-07,-6.764230405318595192e-09,5.458022961285768027e+00
1.390769057509054192e-03,-4.387385292006451138e-06,1.713965779861306633e-08,5.458023009187304098e+00
-9.138625102002124675e-04,6.397923772814173598e-07,-6.047877615854907945e-09,5.458023431020371241e+00
-1.903201561227639755e-04,-4.747871530278784227e-07,-7.234562703564453938e-09,5.458023601354304866e+00
1.218490258142371869e-03,-3.682539475482033792e-06,1.285315296265693139e-08,5.458023746395145537e+00
-1.716319157921010312e-04,1.636008684237203782e-07,-1.242166908003481873e-09,5.458024035442462285e+00
-9.739670629017113538e-04,1.248155632842501703e-06,-1.972892631722034080e-08,5.458024395487642622e+00
1.485764210946005767e-03,-5.708967826030951288e-06,9.109959560736340824e-09,5.458024598138457861e+00
-8.983036548941611800e-04,8.684599386583676567e-07,-1.362376882307317502e-08,5.458025176024405845e+00
-3.077421666345119705e-04,-1.266914123472290253e-07,-1.307299940700975563e-08,5.458025474740023419e+00
1.204352781696603611e-03,-2.007043366926635818e-06,5.139337017525260192e-09,5.458025616347093489e+00
-6.689437871161111628e-05,-1.220945573956147804e-06,-2.285648794250914305e-09,5.458026036433141215e+00
-1.098175148190703478e-03,-1.354391454555731779e-06,-2.135359138826452324e-08,5.458026484354036256e+00
1.536961993378330215e-03,-2.921744280932675202e-06,1.469243736625140549e-08,5.458026742367495743e+00
8.127748710291647508e-04,5.198738907035328986e-07,1.075306052819551146e-08,5.458026919548085942e+00
-1.532482521903757782e-03,8.308816140803800032e-07,-2.211107592017912528e-08,5.458027515339375135e+00
1.206484718655803125e-03,-6.667175747498127894e-06,9.549203449640192493e-09,5.458027783889949802e+00
3.301015339301300379e-05,4.880278529899887625e-07,8.349972488338261970e-09,5.458028169472279423e+00
-1.443039813072258086e-03,5.416541326393814338e-06,-1.244807847415122648e-08,5.458028502950651450e+00
4.105024179020029681e-04,-3.211792082618722599e-06,6.343972781619485988e-09,5.458028759229373250e+00
9.780008254692731506e-04,-7.103180201747134401e-06,2.313746842711097469e-08,5.458029003120888234e+00
-1.653074205348477842e-03,3.900712081587863601e-06,-1.145905898358575303e-08,5.458029553431920533e+00
-5.911055348521030090e-04,4.749013727677002206e-06,1.244596611013962356e-09,5.458029645294860011e+00
1.605895561182484142e-03,-5.957160016355896265e-06,2.897553408248963157e-08,5.458029883081159994e+00
-1.447313740295191452e-03,-3.835923650236092659e-06,-7.149346337386310848e-09,5.458030399375720876e+00
-1.415629641100752843e-03,4.064778360439800562e-06,-1.203371675503745247e-08,5.458030462835223418e+00
1.669507312574677275e-03,-8.879122459224885006e-07,2.408144106203154534e-08,5.458030755126513256e+00
-6.901851400135718692e-04,-8.919580968507673967e-06,-4.917896105887270801e-09,5.458031100619023412e+00
-1.751861257067203201e-03,4.793723944742556920e-07,-2.451103412755595993e-08,5.458031245123732056e+00
1.118323032306978333e-03,2.477650409037391855e-06,4.484340766103377709e-09,5.458031529808400784e+00
3.670679644294688499e-04,-1.082864934330016552e-05,-7.622214215477967856e-09,5.458031712480607922e+00
-1.452486016080521258e-03,-2.023618058176280322e-06,-3.277901059677797796e-08,5.458031954857405665e+00
1.250836272204111155e-04,3.745591367486455998e-06,-2.481433360244595009e-08,5.458032165109148792e+00
1.723860926363241560e-03,-1.491468013254845684e-06,-1.208694364787514212e-08,5.458032346492919018e+00
-5.909290666887263930e-04,-6.768175783608560756e-06,-3.550052756563046325e-08,5.458032571206058670e+00
-1.850672458307824671e-03,-6.500118579047470672e-07,-5.658748629191133522e-08,5.458032677480628259e+00
1.062035758456996879e-03,-1.401559499206530555e-06,-3.161321915439043593e-08,5.458033021919320049e+00
1.881868789546997526e-03,-3.525585844736643873e-06,-2.367249178533142397e-08,5.458033097315169613e+00
-1.440465895715924106e-03,-3.982089318985751492e-06,-5.629124062650925088e-08,5.458033371559027458e+00
-1.750254070122696844e-03,-4.233856312056470678e-07,-6.602448421056912654e-08,5.458033380835158432e+00
1.759983101774680817e-03,-5.015267095905188363e-06,-2.713703404767819849e-08,5.458033882979218099e+00
1.520622901615355411e-03,-4.155992573788308738e-06,-2.511207311055267257e-08,5.458033891313478492e+00
-1.935213736451215629e-03,-2.562863072519075277e-06,-6.125607801700662936e-08,5.458034144839993829e+00
-1.147619875231634242e-03,-1.432738235984439433e-06,-5.668732218958987586e-08,5.458034220781219581e+00
2.007176372534212952e-03,-7.303424507577155854e-06,-1.146347398319276234e-08,5.458034779023979155e+00
7.088132456382065846e-04,-3.685342183147611924e-06,-1.786847058328344683e-08,5.458034820327643644e+00
-1.912456561039729960e-03,-2.588015444932109518e-06,-4.880561318155370313e-08,5.458035000430792039e+00
-1.797294649416507719e-04,-3.480016409372695185e-06,-3.232053748067368451e-08,5.458035310003054974e+00
1.704014950369299106e-03,-8.275081114220600068e-06,8.982218631726625714e-09,5.458035785455613187e+00
-3.549248771820665720e-04,-2.468730216764280469e-06,-7.432640588633599403e-09,5.458035906504529855e+00
-1.344093414421384343e-03,-4.051923318758768092e-06,-2.330824689887472032e-08,5.458036095271963539e+00
9.054228725057632959e-04,-6.130438284340631928e-06,-8.518354698914590252e-10,5.458036650353214725e+00
2.131638715791312876e-03,4.631798391357002414e-06,2.585349487271898176e-08,5.458036945584432864e+00
-1.387463822437019333e-03,-7.949211259236954426e-06,1.380330207649428599e-09,5.458037106719058507e+00
-2.077715740706801827e-03,-1.201256527628544059e-05,-9.785659855280241938e-09,5.458037120129227482e+00
1.808102876105501531e-03,-9.832071307077326966e-06,3.555506836991641228e-08,5.458038169560070152e+00
1.894583442028348634e-03,-9.670096773425173278e-07,4.826084423027838165e-08,5.458038294200291851e+00
-2.094884677692048294e-03,-4.966474473129910980e-06,9.117403565487180460e-09,5.458038448607006821e+00
-1.550146445962417461e-03,-8.271269333877641691e-06,1.410821630663902518e-08,5.458038597406655867e+00
2.259908488598322534e-03,-1.269343022217685543e-05,7.422631022395173132e-08,5.458039798095092543e+00
1.101094017458332684e-03,-3.220849282142602637e-06,6.822880375382468249e-08,5.458039824182484345e+00
-2.251694899671645173e-03,-4.180522042617645577e-06,2.717040322525837418e-08,5.458039923519995895e+00
-5.393874350683843183e-04,-8.239913002146009873e-06,4.790107286801580926e-08,5.458040413496711984e+00
2.097539511653654168e-03,-1.388294726963254635e-05,1.006018814199795634e-07,5.458041421406989002e+00
-6.470363004802353961e-05,-2.890382180726292681e-06,7.446111887046551693e-08,5.458041440912444919e+00
-1.771304881401386359e-03,-5.445541738112131275e-06,4.887133689680526092e-08,5.458041569801735271e+00
7.029067289596305007e-04,-1.037767630919783397e-05,7.720572794199349228e-08,5.458042420783474569e+00
1.320110075418685393e-03,-1.309844178016877488e-05,1.028194004035195585e-07,5.458042991248182929e+00
-2.435450576509586625e-03,-1.454157427178066896e-05,3.957150134812114620e-08,5.458042901076967546e+00
-7.403181257667442502e-04,1.837650914503981243e-06,7.388733264804889878e-08,5.458043390405472373e+00
2.314979659206353128e-03,-5.352992476437207550e-06,1.323591264723840887e-07,5.458044525541612124e+00
-1.058458820422009377e-03,-2.274405272719301827e-05,5.402728208207285562e-08,5.458044347255862405e+00
-8.448946912466667909e-04,-1.797096916277744169e-05,4.597629223684768490e-08,5.458044413950796425e+00
2.186417228041485829e-03,-1.472430633242505457e-06,1.201425664233515469e-07,5.458045248012552975e+00
-1.991267312011099806e-03,-1.028691344807719202e-05,1.092934902403145981e-08,5.458044713695367811e+00
3.658240695531062752e-04,-1.499212271251880452e-05,7.841366205245198060e-08,5.458045162993452770e+00
1.569732059813404128e-03,-4.164266522221198831e-06,1.012940986501738265e-07,5.458045399746620063e+00
-2.421243019022163191e-03,-4.407727224601098445e-06,5.794073990498024168e-09,5.458044559988620925e+00
1.565305248637953017e-03,-1.524373646320737492e-05,1.124498454750528546e-07,5.458045421909677231e+00
4.453724055458547961e-04,-3.953880698450299261e-06,6.937412068839297530e-08,5.458044924827993860e+00
-2.178853142448930382e-03,-2.944417138907734550e-06,1.931754881196176597e-08,5.458043973271873739e+00
2.404638638698047316e-03,-1.595875185598307654e-05,1.206238994883193774e-07,5.458045018344652277e+00
-2.598040422670183387e-03,-2.148183560653206425e-05,-8.655697294905044885e-09,5.458043311010858822e+00
1.551373707699066438e-03,4.926492538688571723e-06,1.289827438801267413e-07,5.458044066962437491e+00
6.468016956785939582e-04,-3.553428299442117099e-07,5.973083176796035999e-08,5.458043381951456219e+00
6.355896237731315250e-05,-3.380195523851028456e-05,3.151871796567496454e-08,5.458042633105613106e+00
-8.014952981395573632e-04,-2.140511051147907512e-07,6.803500978620179348e-09,5.458042052349633799e+00
-1.531562846025477089e-03,-3.175413603706812596e-06,2.134402706071266252e-08,5.458041159743926229e+00
8.630935962502219371e-04,-2.496181788624434052e-05,4.377029920574415751e-08,5.458041447604272456e+00
-1.128621792629944814e-04,-7.377885812992821618e-06,4.074816994986051657e-08,5.458040664666499175e+00
-6.840222757884340324e-04,-1.659091592913957273e-05,-1.690974458843995757e-08,5.458040345868835352e+00
1.452502961516571271e-03,-1.180069113577732730e-05,3.390647954813401537e-08,5.458040617388675741e+00
-2.157068955869371769e-03,-1.160551169679741986e-05,-8.436283841218985021e-08,5.458039531081834816e+00
