3.388904617104085415e-02,-5.933051975945567019e-02,-1.770461492418349940e-04,5.727494256742048151e+00
3.403923090539518397e-05,1.285254026643283503e-05,-8.808266125873412999e-07,6.294021780974917490e+00
-4.678125943894865038e-03,8.298007593981589214e-03,-1.855797931042553180e-04,6.750963632215008836e+00
-9.980298205318396260e-03,1.539812998579589802e-02,2.376819791553084051e-05,6.693272438125578816e+00
-9.635774775518697599e-03,1.490375565171607290e-02,1.695318979134612222e-04,6.531424671012215910e+00
-7.635036685390789689e-03,1.228049944128364705e-02,2.205667925572132198e-04,6.327638410187724105e+00
-4.706849152007803842e-03,8.639744217497276682e-03,1.593644201388133346e-04,6.134604320012151391e+00
-2.064545486839582198e-03,5.276526329800584544e-03,6.224905781539913547e-05,5.966683030186592518e+00
-1.308456566443428888e-04,2.619278014108822241e-03,-1.873248187819715149e-05,5.827713668277601400e+00
9.915349726396850173e-04,7.715954824178033241e-04,-6.442835789798143390e-05,5.715719252572658782e+00
1.451535417349654293e-03,-3.808788997100933955e-04,-7.991504802732950555e-05,5.627011555259049835e+00
1.469184218383283577e-03,-1.013642704694474577e-03,-7.726069477114225854e-05,5.557628094151380260e+00
1.251904325281372014e-03,-1.297490965023527986e-03,-6.674320217547874542e-05,5.503967201624032413e+00
9.522682905236258110e-04,-1.367977577727466166e-03,-5.448560081055333097e-05,5.462958660175730508e+00
6.632730774999743509e-04,-1.321042681395987730e-03,-4.326081095270217590e-05,5.432063619612001126e+00
4.294019631203674662e-04,-1.218745730701177111e-03,-3.390256942297749452e-05,5.409211957940657456e+00
2.626251952050236409e-04,-1.098070379320178168e-03,-2.637245200519727290e-05,5.392727383216523229e+00
1.567597187212552211e-04,-9.790709400749172866e-04,-2.035083316720206963e-05,5.381257610855453066e+00
9.796378021030472565e-05,-8.712007141417294018e-04,-1.549673411212396356e-05,5.373714608942749216e+00
7.123085307750483004e-05,-7.777384828198305976e-04,-1.153269486410964390e-05,5.369225068808171741e+00
6.371422077196790693e-05,-6.986650127403723487e-04,-8.255062755046767712e-06,5.367089834604695575e+00
6.591605027615107793e-05,-6.324173468192470678e-04,-5.520065556632343853e-06,5.366750791716775382e+00
7.164395290224936745e-05,-5.768917677195903228e-04,-3.226428358010298113e-06,5.367763866681622531e+00
7.739178756473497653e-05,-5.299728787297541908e-04,-1.301178232503317513e-06,5.369777020703492276e+00
8.156017762224998231e-05,-4.897796211935415665e-04,3.103283912168065401e-07,5.372512329807256570e+00
8.374174522316750089e-05,-4.547518038661849181e-04,1.650887522941901265e-06,5.375751415733977190e+00
8.416570550800793547e-05,-4.236533233660311811e-04,2.755467019234238520e-06,5.379323625851784918e+00
8.331808939932772086e-05,-3.955368578753046911e-04,3.653631176151419486e-06,5.383096466136308322e+00
8.171395411116630294e-05,-3.696949853218008770e-04,4.370993233027640030e-06,5.386967876483599760e+00
7.978321281249079280e-05,-3.456106611634001714e-04,4.930104075963173116e-06,5.390860007871598469e+00
7.783148968350005528e-05,-3.229130123083983088e-04,5.351026259496616854e-06,5.394714219762233753e+00
7.604411353589634779e-05,-3.013405473699697556e-04,5.651734556953296640e-06,5.398487065820174458e+00
7.451020861354859873e-05,-2.807118958667596852e-04,5.848417297012756472e-06,5.402147077907275552e+00
7.325216799320471094e-05,-2.609032761858470252e-04,5.955714510965033861e-06,5.405672193405857584e+00
7.225241801693360708e-05,-2.418315705484605776e-04,5.986909754078333429e-06,5.409047700088610355e+00
7.147402347305521926e-05,-2.234418665228590859e-04,5.954084204338452521e-06,5.412264596786644510e+00
7.087455120185577790e-05,-2.056984450757201295e-04,5.868238999257822964e-06,5.415318287763777327e+00
7.041411170059115306e-05,-1.885783645711850993e-04,5.739391289203882215e-06,5.418207544685504473e+00
7.005907020326557894e-05,-1.720669623605336452e-04,5.576649519584154425e-06,5.420933683008533954e+00
6.978293480492861857e-05,-1.561547499031087764e-04,5.388273203507578597e-06,5.423499910055444850e+00
4.905482181768166061e-06,-1.139138452295340872e-07,-1.030747797813291910e-07,5.458025681102286697e+00
-4.043856275164113361e-04,-7.475170118243425633e-04,-1.042610851791156784e-07,5.458025677616264559e+00
-4.123161192920378644e-04,-7.620006795617533142e-04,-1.054260312486100071e-07,5.458025674117433113e+00
-3.537967001277604259e-04,-6.773394218495564813e-04,-5.443143698766081098e-08,5.458025736328339761e+00
-2.382448910247029453e-04,-5.065808369096780252e-04,5.566151060206231866e-09,5.458025699530236530e+00
-1.246249669920336924e-04,-3.358265517289718690e-04,-3.317602776582861072e-08,5.458025796969514509e+00
-3.009978786265600289e-05,-1.856418989363666492e-04,-2.098245447282145285e-07,5.458026253415217965e+00
3.723714268432801254e-05,-6.634049570666606841e-05,-5.075238479746491676e-07,5.458027572834683205e+00
7.908893340892895140e-05,2.287538337845260107e-05,-8.751098152994628039e-07,5.458030466282036031e+00
1.006690600601949440e-04,8.624457344237791570e-05,-1.256248101139342673e-06,5.458035755390696409e+00
1.082526680216399506e-04,1.292398260623197172e-04,-1.606650410011969537e-06,5.458044216295352413e+00
1.074369332006400467e-04,1.570378348840647490e-04,-1.899283954664020673e-06,5.458056451263532338e+00
1.024945469448229808e-04,1.739912889887389126e-04,-2.122438689005697833e-06,5.458072811510694677e+00
9.626958195522741194e-05,1.834878080758054885e-04,-2.275049352788859689e-06,5.458093376358820414e+00
9.038973943271722293e-05,1.880272729411824396e-04,-2.362096180591084917e-06,5.458117974802505934e+00
8.558847859253382979e-05,1.893762616219721849e-04,-2.391183024963931024e-06,5.458146231444815477e+00
8.202542306611762188e-05,1.887367221457879687e-04,-2.370438078485402877e-06,5.458177620975728672e+00
7.954764644823466668e-05,1.868972043450748744e-04,-2.307453924981018392e-06,5.458211520579420828e+00
7.787488802639484353e-05,1.843558054948213755e-04,-2.208901295670213839e-06,5.458247254717308650e+00
7.671385691228709545e-05,1.814138471141721093e-04,-2.080510998715692978e-06,5.458284130485718144e+00
1.505603108717986488e-04,3.993421443422669388e-04,1.372936951486243196e-06,5.458489321033541231e+00
-2.002663191896950606e-06,-1.125045918708641470e-06,1.826544951411831134e-06,5.458418096105591033e+00
6.640927468043256795e-05,6.416637927857821166e-05,7.549266290815590009e-07,5.458239857420265295e+00
7.994223890200755295e-05,1.032913466300057834e-04,2.905871837683765236e-07,5.458106982238922100e+00
9.314514888104653270e-05,1.362197455711656286e-04,7.639110372466764478e-08,5.458046531949315217e+00
1.097687542299473470e-04,1.670364855302431989e-04,-2.716074074691801775e-08,5.458014446117905649e+00
1.082695364573646175e-04,1.730833616995496613e-04,-7.069327351787474699e-08,5.458000953671145794e+00
8.251760273584446675e-05,1.376305199160963359e-04,-8.627602091837569106e-08,5.457997849914559829e+00
1.251261201970312910e-04,2.026160995312231337e-04,-1.021036592232149194e-07,5.457998097124464820e+00
8.279948743204853156e-05,1.452654415387656455e-04,-1.128054090765566754e-07,5.458000588658963537e+00
1.005446490673320316e-04,1.691637476176501400e-04,-1.142760901502334619e-07,5.458003387151899588e+00
1.061721857423818829e-04,1.784513322922516739e-04,-1.137017353500294961e-07,5.458006324427484124e+00
1.019837764463977933e-04,1.754112159951565935e-04,-1.159732038352680541e-07,5.458009227380482997e+00
9.604528376552947224e-05,1.675312758013019685e-04,-1.200351519870731370e-07,5.458011880688513173e+00
7.802067251375753424e-05,1.395359021820334914e-04,-1.314476479450281644e-07,5.458013402854228424e+00
1.128130045142666923e-04,1.894387027565057368e-04,-1.106150385757960771e-07,5.458015476702488655e+00
8.930472850028059180e-05,1.550620381452069371e-04,-1.261291629821599638e-07,5.458016629871444536e+00
1.031429674517369091e-04,1.778763840524133955e-04,-1.162250289572747278e-07,5.458018233392751384e+00
7.741693933627740018e-05,1.390361573962422409e-04,-1.356804989886127454e-07,5.458019092670813421e+00
8.003135116358610444e-05,1.426995293378888804e-04,-1.346387503976526784e-07,5.458019862340524497e+00
-8.718268884301005081e-05,-1.670333323155211006e-04,-1.287725550504396058e-07,5.458020264797150745e+00
6.627347868174992575e-05,1.172590383665375504e-04,-1.488753111397038484e-07,5.458020922909511796e+00
6.589330373584937955e-05,1.150255792703273341e-04,-1.509028909751344873e-07,5.458021532603726023e+00
-6.475210685944898933e-05,-1.265769593246500620e-04,-1.471354124377645862e-07,5.458021846298366953e+00
-5.248387030373889847e-05,-1.051308924552198511e-04,-1.474898856782325809e-07,5.458022075208964985e+00
-3.808572208537423337e-05,-8.068225536896630014e-05,-1.451526068792924912e-07,5.458022380372803184e+00
-9.075963422208854279e-06,-3.376303726513406171e-05,-1.248365844764369956e-07,5.458022632548164665e+00
1.644296009640499614e-05,8.046544066428767581e-06,-1.080196599264055105e-07,5.458022891571749469e+00
3.585864045424135910e-05,4.159117177217326957e-05,-9.826542480220864160e-08,5.458023127871048708e+00
4.747595396575459852e-05,6.462665045613852355e-05,-9.684646878652085668e-08,5.458023335986638358e+00
5.225537041123061216e-05,7.812630021337350602e-05,-1.019000679584849973e-07,5.458023511340227785e+00
5.179455883862205801e-05,8.370994855572396550e-05,-1.113930041313849331e-07,5.458023658444024484e+00
4.784988072818506597e-05,8.320855721914161690e-05,-1.238084039381964551e-07,5.458023785861923827e+00
4.190447637996628756e-05,7.825402765679590714e-05,-1.383181575984813415e-07,5.458023904349452948e+00
3.504848477535894152e-05,7.017508977779816307e-05,-1.545294988468420209e-07,5.458024025650392019e+00
2.797903388137248072e-05,5.998198851374609913e-05,-1.721962367391502498e-07,5.458024162752430186e+00
2.107411870355515570e-05,4.840656592340327000e-05,-1.910085082968279811e-07,5.458024330611170427e+00
1.448571495551645399e-05,3.595738181700250239e-05,-2.104900261157702290e-07,5.458024546695902757e+00
8.226649463748872523e-06,2.297469936947559816e-05,-2.299762314482497943e-07,5.458024830905720215e+00
2.238469865940571741e-06,9.677628846634757305e-06,-2.486394540414228357e-07,5.458025204727926294e+00
-3.320359032864645353e-06,-3.356940318772183958e-06,-2.655345141600315087e-07,5.458025689723282170e+00
-7.015244883036270429e-06,-1.497999050440896869e-05,-2.796496880830725702e-07,5.458026305538091982e+00
-6.610849929746131465e-06,-2.752685247516985161e-05,-2.900339699384497804e-07,5.458027067633723917e+00
-2.010834728246009773e-06,-4.156679272715467271e-05,-2.960649692285512915e-07,5.458027985083709233e+00
5.797384978149102470e-06,-5.672265858050954789e-05,-2.970723568457700964e-07,5.458029059308039166e+00
1.548197906467554735e-05,-7.230087815817951068e-05,-2.921557662789511740e-07,5.458030282775867548e+00
2.580089169678292029e-05,-8.758853368904588013e-05,-2.804961109627296816e-07,5.458031639631204968e+00
3.579690260960830591e-05,-1.019891794662560537e-04,-2.614610275149682186e-07,5.458033106451609662e+00
4.484191841945641869e-05,-1.150634126315952261e-04,-2.345525484685895295e-07,5.458034653296641281e+00
5.418739211228809535e-05,-1.284126848457799424e-04,-2.024286387204514993e-07,5.458036397279297347e+00
6.191551164267231381e-05,-1.397005320021999506e-04,-1.609699576823639663e-07,5.458038128603634576e+00
6.675378153236265948e-05,-1.474648604039280732e-04,-1.069136709699934059e-07,5.458039694773989758e+00
6.990736691176235927e-05,-1.530141689929706409e-04,-4.136227548286170796e-08,5.458041167188969034e+00
7.172931882136347867e-05,-1.566111251240963006e-04,3.658136978437465474e-08,5.458042529755092076e+00
7.260718051151767111e-05,-1.585610198486200775e-04,1.279535686748051327e-07,5.458043776742403708e+00
7.274965971285390269e-05,-1.590341920750215328e-04,2.341574773898287889e-07,5.458044908980745014e+00
7.228744063450285120e-05,-1.581658195035757727e-04,3.566526116287782350e-07,5.458045946259809433e+00
7.128920421168453753e-05,-1.560639570305343970e-04,4.968465335123435238e-07,5.458046932734591294e+00
6.979291563216965188e-05,-1.528257112243175733e-04,6.559778236266202233e-07,5.458047941535624226e+00
6.782283215415142925e-05,-1.485426063466732444e-04,8.350326689388836883e-07,5.458049077695001472e+00
6.540080674628218180e-05,-1.433035449593316824e-04,1.034675501778133365e-06,5.458050479757702966e+00
6.255158663080635513e-05,-1.371956038757053849e-04,1.255194379694236153e-06,5.458052320058571105e+00
5.930453777238772393e-05,-1.303039953675283794e-04,1.496459078860743855e-06,5.458054803707112157e+00
5.569323204680156361e-05,-1.227116575633337646e-04,1.757891870064779684e-06,5.458058166327139915e+00
5.175409833699001934e-05,-1.144987829477602822e-04,2.038450926686240805e-06,5.458062670633839097e+00
4.752486783611879154e-05,-1.057424127517577855e-04,2.336626194171594202e-06,5.458068601963576683e+00
4.304321758512088809e-05,-9.651614604362109386e-05,2.650447222780551079e-06,5.458076262900426912e+00
3.834577255653230313e-05,-8.688996682214759719e-05,2.977502131467898116e-06,5.458085967165140495e+00
-5.875389023687667021e-04,8.606749027593570351e-04,3.407610391244217698e-06,5.458151512420920781e+00
-1.560502579176382948e-05,1.171675003782277422e-04,-2.602510329277239976e-06,5.458264742927999791e+00
-5.272335354241815660e-05,6.511737741632722871e-05,-1.807042088441933740e-06,5.458178347223323179e+00
-1.099599964595645831e-04,1.366247505584046646e-04,-8.804070365663635791e-07,5.458096502366212910e+00
-6.762501228865536737e-05,1.095342597672642297e-04,-7.029115784290621496e-07,5.458049750297440994e+00
-7.523694359350526157e-05,1.170880378254213173e-04,-4.671917939953846095e-07,5.458031163782391282e+00
-8.100931485803663915e-05,1.283279903605717828e-04,-3.237178668307463344e-07,5.458025226536220131e+00
-8.561882382845446252e-05,1.372435558614000680e-04,-2.448799653722369255e-07,5.458024503638046809e+00
-8.956528808049556199e-05,1.443583069942444813e-04,-2.008170701002758697e-07,5.458025154448071348e+00
-4.226335896219834303e-05,9.535360399722596597e-05,-2.668590233799455736e-07,5.458025976688650971e+00
-4.784573556883871536e-05,9.814393372953814510e-05,-2.225359067487052382e-07,5.458026062524906408e+00
-5.004812834761220735e-05,1.026683130260941948e-04,-1.939018151714146154e-07,5.458026183066813530e+00
-5.189631678074201792e-05,1.060603797900166128e-04,-1.765833395029966977e-07,5.458026161123880726e+00
-5.337196635697595418e-05,1.086657591022539328e-04,-1.652453090721965398e-07,5.458026012059495002e+00
-1.146295985965441719e-05,6.251239823598954133e-05,-1.934263973186816263e-07,5.458025813604955978e+00
-1.469718667740425275e-05,6.455341495862903926e-05,-1.676475745772304377e-07,5.458025727538755589e+00
-1.558852440227042132e-05,6.670688431945993922e-05,-1.514637191425050070e-07,5.458025710619715198e+00
-1.624513353399132342e-05,6.810693011432509278e-05,-1.408793797370345741e-07,5.458025619729731659e+00
-1.667831641301804199e-05,6.901099781859518375e-05,-1.333026824356382799e-07,5.458025500893477933e+00
-1.695322093108971896e-05,6.956361890187371777e-05,-1.273424402176834814e-07,5.458025400099671742e+00
-1.711126302825522892e-05,6.985656707641947616e-05,-1.221968293617529031e-07,5.458025333541967505e+00
1.394095297818567843e-05,3.163278533502921717e-05,-1.226714467396275320e-07,5.458025273126979826e+00
-1.936146810246284480e-05,7.130637428865601560e-05,-1.008256256590559498e-07,5.458025400825468942e+00
1.345734737319836378e-05,3.261462845963866903e-05,-1.055686546810738078e-07,5.458025272105102133e+00
-1.956294731911199951e-05,7.153534417986333284e-05,-8.894859617772673092e-08,5.458025376506689952e+00
1.327988259777445999e-05,3.253805672018022144e-05,-9.462485301091665136e-08,5.458025246379612838e+00
-1.934992593827287408e-05,7.078575572479056113e-05,-7.971044310082625851e-08,5.458025337123107334e+00
1.320512520474151588e-05,3.195519100570953466e-05,-8.487604283293895954e-08,5.458025231216510953e+00
-1.887936402455796429e-05,6.940344420814221994e-05,-7.086081167426372073e-08,5.458025322060790607e+00
1.313622929932612313e-05,3.107432418678577490e-05,-7.484214496379642150e-08,5.458025221313665298e+00
-1.822026655908476364e-05,6.752836029323541279e-05,-6.182114657373013861e-08,5.458025329457289132e+00
-1.605842120241700099e-05,6.587230646970141865e-05,-6.305591676548875983e-08,5.458025250326369537e+00
1.325634817088354564e-05,2.862927058557417651e-05,-6.248095415848398777e-08,5.458025192869966347e+00
-1.673701041881283516e-05,6.347278645898640000e-05,-4.915748453132780999e-08,5.458025354445516619e+00
-1.462628274831784714e-05,6.171027038802244123e-05,-4.877038512600743325e-08,5.458025286086398253e+00
-5.389615583320507103e-05,1.030378393515903165e-04,-3.487257890271605458e-08,5.458025286428338063e+00
-1.067989833870563660e-05,5.680815191635196402e-05,-5.192322683287790873e-08,5.458025178055394555e+00
-5.011180370316376936e-05,9.576059053111587386e-05,-3.278500758937585884e-08,5.458025213681083621e+00
-4.547156502312633497e-05,9.310719154104421676e-05,-3.368098856884056489e-08,5.458025177740140066e+00
-4.347917377190076724e-05,8.897741727085541324e-05,-3.250589196354690349e-08,5.458025162358980609e+00
-4.147046312072477441e-05,8.518652688217117339e-05,-2.930588001524922279e-08,5.458025170587434083e+00
-3.953222448538483723e-05,8.156949392401150454e-05,-2.494739391276149084e-08,5.458025209241781361e+00
-7.842832241106171751e-05,1.209937271932976963e-04,-8.750289457066375065e-09,5.458025314065547917e+00
-7.207140707054318911e-05,1.180489522967151497e-04,-9.459184009632013276e-09,5.458025248970493237e+00
-6.793555209798131129e-05,1.112313018428228643e-04,-1.015582651053671700e-08,5.458025196351592001e+00
-1.041242346132755517e-04,1.478666790886106451e-04,3.824375920135813548e-09,5.458025212916869151e+00
-9.857750470771090164e-05,1.466854054678292025e-04,4.352275270381277747e-09,5.458025171402005604e+00
-9.130710630444416830e-05,1.369967122272345878e-04,1.493471700272260230e-09,5.458025125416070544e+00
-8.513750179835401666e-05,1.274806522817485720e-04,-1.322465095993002669e-10,5.458025130481378717e+00
-1.066960575487211016e-04,1.503221092197193571e-04,7.816446161442906653e-09,5.458025181249269053e+00
-1.064748543617234010e-04,1.534259625488522578e-04,9.933158233536249053e-09,5.458025215670852859e+00
-1.137923066828050168e-04,1.647204633516276913e-04,1.199935187670100233e-08,5.458025171551589949e+00
-9.942552899454080290e-05,1.478805326367624415e-04,9.288242845056830543e-09,5.458025170847434104e+00
-9.255569375830512765e-05,1.395649948161588739e-04,6.169145188648820961e-09,5.458025124169724407e+00
-7.692219943302558817e-05,1.179379226068832991e-04,3.154996570594910143e-09,5.458025220612357842e+00
-9.964465471657016707e-05,1.443638312583052992e-04,9.660985851744164163e-09,5.458025247967666083e+00
-1.038255479989224066e-04,1.546373357359668362e-04,1.224037169716858073e-08,5.458025168428871865e+00
-4.550741151588995743e-05,8.691311210210975321e-05,-7.973299649351396156e-09,5.458025164996021417e+00
-8.337075507151286567e-05,1.272594711275963359e-04,5.361853589601543909e-09,5.458025182863636360e+00
-6.896620406426058288e-05,1.071204394239535411e-04,3.363771821598830210e-10,5.458025171885271476e+00
-7.128399409606958322e-05,1.108207853712454133e-04,1.550665045252393623e-09,5.458025176765177733e+00
6.395926000291562964e-05,-8.634354799833862508e-05,3.347103449298930532e-09,5.458025220088144280e+00
4.266992236777731099e-05,-5.572618134253626466e-05,2.600866425980406342e-09,5.458025198775807496e+00
2.282892101120774178e-05,-2.634966650697717421e-05,3.122856739888128024e-09,5.458025242468058202e+00
-1.003248754500814772e-05,1.766573821508211935e-05,6.310971730907628712e-09,5.458025241466228472e+00
-3.556406773686809653e-05,5.263260749253225129e-05,8.503076404076195156e-09,5.458025251316436233e+00
-5.188554457254369791e-05,7.657089239797732622e-05,8.921397926991226378e-09,5.458025254410966198e+00
-5.789227788490481871e-05,8.840668242377044039e-05,6.985540384974832834e-09,5.458025253746859207e+00
-5.540297983581575145e-05,8.978955442807001351e-05,3.109978679218418091e-09,5.458025249029062387e+00
-4.671111779635302180e-05,8.278730261911468194e-05,-1.402301467807088506e-09,5.458025243967584927e+00
-3.410009885569784040e-05,6.949636275427719181e-05,-4.786754400806487443e-09,5.458025243779427882e+00
-1.938869187649846379e-05,5.170156406459353450e-05,-5.474935745257538222e-09,5.458025256447214701e+00
-4.383671947386240294e-06,3.158743347317720092e-05,-2.597698783288178363e-09,5.458025293759741992e+00
8.198000097232865387e-06,1.364784312775793299e-05,3.793292017179935883e-09,5.458025371944422943e+00
1.832166359525273222e-05,5.405816506757913574e-07,1.278174007377584815e-08,5.458025510728760743e+00
2.629290109843999024e-05,-7.382379711912925783e-06,2.294547765315573925e-08,5.458025730729285208e+00
3.252263912149367541e-05,-1.083182886991709591e-05,3.293950704715710433e-08,5.458026050486209257e+00
3.740719517450041137e-05,-1.087442304377576388e-05,4.185456168784541551e-08,5.458026483203090251e+00
4.127204894762019535e-05,-8.575397546289672011e-06,4.927719586419199950e-08,5.458027034821658852e+00
4.435666222454302457e-05,-4.843574786690799736e-06,5.517469691519473253e-08,5.458027703773076666e+00
4.682229808962521528e-05,-3.857621183422464034e-07,5.973029388002392458e-08,5.458028482007866167e+00
4.876968340765809422e-05,4.284862839339264466e-06,6.319674526807718763e-08,5.458029356797818643e+00
5.025831597038773156e-05,8.818006438525523760e-06,6.579338876485783762e-08,5.458030312830826958e+00
5.132308951759420709e-05,1.299001293228300053e-05,6.764759588740894115e-08,5.458031334252249955e+00
5.198660173708497803e-05,1.667022953410646511e-05,6.877170300861679664e-08,5.458032406452721474e+00
5.226712379616629042e-05,1.979315923802020535e-05,6.906431451777872350e-08,5.458033517520401112e+00
5.218300663042819260e-05,2.233698929714946087e-05,6.832630049962611834e-08,5.458034659352214213e+00
5.175454988230348858e-05,2.430787319006661509e-05,6.628434224665135837e-08,5.458035828455741978e+00
5.100429699381823904e-05,2.572890199276063884e-05,6.261711863827893980e-08,5.458037026485675902e+00
4.995651472730494195e-05,2.663265478871923927e-05,5.698117632255914176e-08,5.458038260554735288e+00
4.863637744653921994e-05,2.705635039803110613e-05,4.903474617838785890e-08,5.458039543350921896e+00
4.706916505544364354e-05,2.703881544255448821e-05,3.845868672641482655e-08,5.458040893083301981e+00
4.527962381477734533e-05,2.661867557594985238e-05,2.497414240695339758e-08,5.458042333271678537e+00
4.329153347321407935e-05,2.583334225789239827e-05,8.356930619572811548e-09,5.458043892392439034e+00
4.112746438131737728e-05,2.471849854686583472e-05,-1.155131090376344035e-08,5.458045603390699441e+00
3.880868171601892030e-05,2.330788520844108964e-05,-3.483497406628941940e-08,5.458047503070456052e+00
3.635514867464366163e-05,2.163325868397395510e-05,-6.149917228927942227e-08,5.458049631375223143e+00
3.378558658213809640e-05,1.972444070746117551e-05,-9.146699065259580416e-08,5.458052030574638280e+00
3.111756055058525854e-05,1.760941138648691850e-05,-1.245791003931467017e-07,5.458054744373662004e+00
2.836757018528762765e-05,1.531441838222811979e-05,-1.605954917396696657e-07,5.458057816963429509e+00
2.555113397243862842e-05,1.286408741600638354e-05,-1.991990622197908578e-07,5.458061292033238310e+00
2.268286257294859165e-05,1.028152719111438905e-05,-2.400008745627445753e-07,5.458065211764298041e+00
1.977652028155387111e-05,7.588425889208886212e-06,-2.825467963053729765e-07,5.458069615825768217e+00
1.684507616093030370e-05,4.805138903019134624e-06,-3.263253129672119661e-07,5.458074540392720664e+00
1.390074714066436866e-05,1.950768350327554193e-06,-3.707763022264580912e-07,5.458080017205833911e+00
1.095503536925064892e-05,-9.567646039732598292e-07,-4.153004966831680369e-07,5.458086072689718016e+00
8.018761745560584010e-06,-3.900653413400475560e-06,-4.592694858436067457e-07,5.458092727146986789e+00
5.102096961156598730e-06,-6.865145101678771279e-06,-5.020360048108701173e-07,5.458099994041464953e+00
2.214590974997114923e-06,-9.835483370996882948e-06,-5.429443488688398762e-07,5.458107879383645056e+00
-6.347986493841149521e-07,-1.279785552644693326e-05,-5.813407278694918999e-07,5.458116381227592129e+00
-3.437679268816755649e-06,-1.573934253380730397e-05,-6.165834134179377283e-07,5.458125489287783516e+00
-6.186196548454991296e-06,-1.864787194600937950e-05,-6.480525232360240662e-07,5.458135184680971363e+00
-8.873008715704264657e-06,-2.151217335356930593e-05,-6.751593254845709842e-07,5.458145439796648013e+00
-1.633726717407083125e-04,-2.311113082599708162e-04,4.883467356241893424e-07,5.458214008261143668e+00
-2.247788163113801675e-05,-4.227586889756578637e-05,7.923484785030517117e-07,5.458203792127093834e+00
-7.719233783052824338e-05,-5.859644595692768286e-05,3.885450166025807685e-07,5.458139019807235925e+00
-9.233986687596430656e-05,-7.708115924823778190e-05,1.861741490733325602e-07,5.458083809073309034e+00
-9.526994368000107059e-05,-8.522703379136502646e-05,8.560007654122845365e-08,5.458050476038371457e+00
-1.171794012011000900e-04,-1.055831032554310561e-04,2.851283468819045542e-08,5.458035582737738700e+00
-1.156702059853852518e-04,-1.077343869738366778e-04,1.181482706882646419e-08,5.458026209468118672e+00
-1.208743193250560571e-04,-1.148222260779916608e-04,-3.524063387032523812e-09,5.458023425173156085e+00
-1.185898074546416141e-04,-1.123475644736332953e-04,-6.229339574906440275e-09,5.458022162688462409e+00
-1.234924628757847148e-04,-1.181683027725087223e-04,-1.151335876493055841e-08,5.458022320546952244e+00
-1.202270665255916347e-04,-1.145999838781924915e-04,-1.109243495355506992e-08,5.458022727274967068e+00
-1.935464803465499774e-04,-1.756507379641781966e-04,-1.166804007074228775e-08,5.458023272081222288e+00
-1.607333257841407745e-04,-1.636274859157296746e-04,-1.867551925197728366e-08,5.458024762231280747e+00
-1.141813034788629672e-04,-1.244987632668595056e-04,-4.165680527425353313e-09,5.458026387930715373e+00
-1.386647178889013866e-04,-1.307215717843150020e-04,-9.023670471958924111e-09,5.458026594026527789e+00
-1.419005967821367357e-04,-1.332719219999712896e-04,-1.056155156388203028e-08,5.458026292054814377e+00
-1.120351145122884800e-04,-1.107824682966464941e-04,-7.170591039609265345e-09,5.458025876557284661e+00
-1.151866195925780679e-04,-1.117000280861844786e-04,-1.083645288568936082e-08,5.458025615159600719e+00
-1.364036904185507014e-04,-1.260786485243369697e-04,-1.114561179495055670e-08,5.458025332732670876e+00
-1.351914614046924215e-04,-1.283920780484818077e-04,-1.112383445020551489e-08,5.458025185474706831e+00
-1.025832368266161692e-04,-1.041827688129374390e-04,-1.071448713068001703e-08,5.458025085350364236e+00
-1.573852774471640235e-04,-1.477043952452656011e-04,-1.356976306354826204e-08,5.458025151316308055e+00
-1.264661685640283955e-04,-1.267690887299906591e-04,-1.135599439653870982e-08,5.458025199501601143e+00
-1.191611630802329316e-04,-1.175779064216561328e-04,-1.038144970262850688e-08,5.458025243391240622e+00
-9.086778122221514213e-05,-9.330016431279128299e-05,-9.541162077658392228e-09,5.458025200111147335e+00
-1.217100908567398683e-04,-1.161676493009662116e-04,-1.031149098197738534e-08,5.458025215454421541e+00
-1.415443883725667575e-04,-1.362359317311388426e-04,-1.318538738373331924e-08,5.458025249361914355e+00
-8.553586733204960571e-05,-9.442523689340340373e-05,-6.974323905968171777e-09,5.458025184554957221e+00
-1.054026635095493646e-04,-1.060000107776580644e-04,-8.937306258582612694e-09,5.458025192839505380e+00
-1.125830039508237610e-04,-1.107597363290240542e-04,-9.343000378890980893e-09,5.458025198675592549e+00
-1.081104060950290573e-04,-1.087194493897481384e-04,-8.850657727111571885e-09,5.458025193059615532e+00
-1.013847846452118587e-04,-1.039282401432242605e-04,-8.057426617654702044e-09,5.458025185134788515e+00
-8.095681348491895522e-05,-8.695659836708037062e-05,-5.894714034386583630e-09,5.458025210907393898e+00
-1.207290596718967935e-04,-1.173667264492569918e-04,-1.005731056272281294e-08,5.458025188697011920e+00
-9.400014834721696487e-05,-9.650256947867646041e-05,-6.717214803672076102e-09,5.458025212240397828e+00
-1.101841439325098053e-04,-1.107660857938770648e-04,-8.882992663417305632e-09,5.458025178005546429e+00
-8.076625142246764914e-05,-8.709995938923236522e-05,-4.889326815039051701e-09,5.458025196372076948e+00
-8.410624392748004591e-05,-8.959772411752965344e-05,-6.107538092106017717e-09,5.458025205533026281e+00
-9.497230040701119510e-05,-9.636181825375958400e-05,-7.343250444831282108e-09,5.458025219197908839e+00
8.977713176794737445e-05,8.437809621145344740e-05,-7.722359973216229459e-09,5.458025196670361900e+00
-9.815464403363984990e-05,-9.819430106277451172e-05,-7.534794996114471412e-09,5.458025211337069749e+00
4.002063418377148287e-05,3.951388951901311396e-05,-9.809597379241969237e-09,5.458025227965788595e+00
-1.074933430311054695e-04,-1.069328220763874309e-04,-8.422800333423570617e-09,5.458025218991829242e+00
1.537145013364148047e-05,1.287211637442753169e-05,-9.804304092717156756e-09,5.458025220686756995e+00
1.554402931567017024e-05,9.927594703951809639e-06,-7.888647613133024689e-09,5.458025225143686043e+00
1.481616585101405103e-05,6.441260468679702242e-06,-5.987640993673742655e-09,5.458025197175868648e+00
-7.378739931950722781e-07,-8.470580596242788623e-06,-6.468252187816098331e-09,5.458025196676210555e+00
-1.562734660824799764e-05,-2.208490139705238472e-05,-6.797705032833555659e-09,5.458025192776990053e+00
-2.755380458784747018e-05,-3.296862163875473399e-05,-6.737062120199677917e-09,5.458025192415162152e+00
-3.452627897083600272e-05,-3.990530883074559548e-05,-6.133362630777042233e-09,5.458025192561521521e+00
-3.682032968397195237e-05,-4.315026658853049881e-05,-5.206904210506153283e-09,5.458025194324817697e+00
-3.531284217646498953e-05,-4.326538573370555623e-05,-4.367766078639444245e-09,5.458025198863964533e+00
-3.114298828806228879e-05,-4.094212133837789850e-05,-4.151554937648700524e-09,5.458025208811213780e+00
-2.534064212466609318e-05,-3.681438277993153438e-05,-5.080264404406538927e-09,5.458025228349731250e+00
-1.870460107481379189e-05,-3.140768234232189931e-05,-7.542785790056119064e-09,5.458025263732888988e+00
-1.177305944870160105e-05,-2.512628378244857608e-05,-1.171882288922640634e-08,5.458025323527707862e+00
-4.858986305599095563e-06,-1.826569442554496224e-05,-1.755594911448546165e-08,5.458025418533329898e+00
1.892613564617590108e-06,-1.103275441445159612e-05,-2.478741067416854155e-08,5.458025561259816527e+00
8.445966930314202854e-06,-3.566703241385421894e-06,-3.297332909226149132e-08,5.458025765013418074e+00
1.456304385515735892e-05,3.787336199729196960e-06,-4.155063968538228119e-08,5.458026042698783442e+00
1.944442587621978978e-05,1.041365061789500703e-05,-4.988261450445153725e-08,5.458026405482613086e+00
2.374000633480295169e-05,1.787724656477351350e-05,-5.732482742409767710e-08,5.458026861474678526e+00
2.776665162968315688e-05,2.653341251499156833e-05,-6.333197940006390894e-08,5.458027414514009301e+00
3.161051443275608854e-05,3.609788158601664115e-05,-6.735345125312412559e-08,5.458028063147655651e+00
3.523736743877394818e-05,4.607558002787004204e-05,-6.873533998012766962e-08,5.458028800708785155e+00
3.856688677714986279e-05,5.596284121256876374e-05,-6.684509134036238883e-08,5.458029614786370942e+00
4.151761115185027357e-05,6.533905283373247130e-05,-6.119568186558418152e-08,5.458030486955498084e+00
4.402896263224546057e-05,7.389348265032695073e-05,-5.153579075352684106e-08,5.458031392741354182e+00
4.606806291445860927e-05,8.142120032988635185e-05,-3.789943623775138910e-08,5.458032302014669490e+00
4.762779433867020840e-05,8.780587819755028794e-05,-2.061795270238535682e-08,5.458033179932683332e+00
4.872089985661974098e-05,9.299933839661316199e-05,-3.021401573646450051e-10,5.458033988459348507e+00
4.937319919730133677e-05,9.700251838374321584e-05,2.219654657462461797e-08,5.458034688408200275e+00
4.961760235137600183e-05,9.984971398408418869e-05,4.583738220999223080e-08,5.458035241881511901e+00
4.948960666191874611e-05,1.015964533508116515e-04,6.944750763015746601e-08,5.458035614937354119e+00
4.902434905618027836e-05,1.023106558471531985e-04,9.177961581223504540e-08,5.458035780301713658e+00
4.825496837270725354e-05,1.020664711426186067e-04,1.115667649358156452e-07,5.458035719949949183e+00
4.721192046711486788e-05,1.009401646997765280e-04,1.275721018212226571e-07,5.458035427404618112e+00
4.592289782386388446e-05,9.900749019628476391e-05,1.386323794250761180e-07,5.458034909627759390e+00
4.441307244944703216e-05,9.634209905081691258e-05,1.436947958826963313e-07,5.458034188419863320e+00
4.270546462139393549e-05,9.301464682110313555e-05,1.418470673401058747e-07,5.458033301271751903e+00
4.082131701159856594e-05,8.909235104462765906e-05,1.323409810410848211e-07,5.458032301645417306e+00
3.878041331278417607e-05,8.463883016454699427e-05,1.146097422704212993e-07,5.458031258688018639e+00
3.660132085852487306e-05,7.971410942877030150e-05,8.827947933623414529e-08,5.458030256403087144e+00
3.430156054324103092e-05,7.437472003938434795e-05,5.317541597136700905e-08,5.458029392322572448e+00
-2.190694519589821880e-04,-4.765211189931720191e-04,-1.350909874046145175e-07,5.458029689359478631e+00
-5.037229823789480046e-05,-1.788879527664237500e-04,1.730203328023870219e-08,5.458039239519417052e+00
-5.463225024775819952e-05,-1.362930189407046406e-04,1.256366871458983263e-08,5.458041585833873555e+00
-6.567323693872863970e-05,-1.351209208245486581e-04,7.713208449973469428e-10,5.458037054854143477e+00
-7.304281791145298558e-05,-1.524133432566523018e-04,-6.041438130048820529e-09,5.458033015271604782e+00
-7.506974846211843678e-05,-1.575841815703370001e-04,-6.041417561489498232e-09,5.458029208249100428e+00
-6.945028390376027682e-05,-1.496571687837269652e-04,-6.846954508604733506e-09,5.458027272426049237e+00
-7.420620860705929385e-05,-1.558949520329846821e-04,-6.080921502768374769e-09,5.458026177615091790e+00
-7.798069463189328772e-05,-1.637128550221231109e-04,-5.049947379220717934e-09,5.458025628106701888e+00
-8.116169401014499774e-05,-1.708238343420807632e-04,-4.751400986829929168e-09,5.458025418785608096e+00
-8.409071234283850029e-05,-1.771796162542921087e-04,-5.309384704060334293e-09,5.458025382609117848e+00
-6.214813954312506318e-05,-1.422491437565873086e-04,-4.639683923620599668e-09,5.458025440945564633e+00
-6.206003246232767875e-05,-1.357351834485407012e-04,-4.997692870458572906e-09,5.458025419168930803e+00
-8.728134096742450824e-05,-1.767558878816681827e-04,-5.997784069263237340e-09,5.458025343448925426e+00
-6.913444236041702007e-05,-1.554887741117453941e-04,-5.783954711023382229e-09,5.458025289343237496e+00
-6.703851441373435125e-05,-1.473513569995296485e-04,-4.887363853073590935e-09,5.458025306256548248e+00
-6.939324038114920803e-05,-1.502212950170590919e-04,-5.570374805014740223e-09,5.458025282834261915e+00
-7.062310888539594361e-05,-1.532450277624766309e-04,-6.290071215765761323e-09,5.458025251411122269e+00
-7.169962286337615721e-05,-1.557184737312961368e-04,-6.916829495770074868e-09,5.458025231442920067e+00
-4.279247458885560701e-05,-1.104090492990655414e-04,4.565675663744061814e-09,5.458025216035318650e+00
-7.335452763211629159e-05,-1.520052962328449818e-04,-7.417217754790588663e-09,5.458025222827609824e+00
-7.494898921157654495e-05,-1.619918119438546269e-04,-9.941653618605552870e-09,5.458025185752683583e+00
-4.414306683540753651e-05,-1.143157401950845389e-04,5.577077189724062506e-09,5.458025166334743439e+00
-7.487163050665751292e-05,-1.554621103284858051e-04,-8.811807020941133794e-09,5.458025186386104011e+00
-4.500404775846978436e-05,-1.157498415592762104e-04,5.085641255317881099e-09,5.458025149658765507e+00
-7.517265305609698381e-05,-1.565178426361319103e-04,-9.746075144541761067e-09,5.458025174775556820e+00
-4.501998032271799899e-05,-1.159884486644286903e-04,5.458798556130810991e-09,5.458025141730297847e+00
-7.486513813661740176e-05,-1.560545737033690252e-04,-1.003814709612885680e-08,5.458025168872664423e+00
-7.537328868502416671e-05,-1.635669929587956980e-04,-1.222624081036661829e-08,5.458025149559468048e+00
-4.362611098893113171e-05,-1.135878861196039174e-04,8.913444598826822560e-09,5.458025144711895038e+00
-7.314331108326206979e-05,-1.523042316871160229e-04,-8.749459969555171391e-09,5.458025161967290373e+00
-7.322402970571504938e-05,-1.590510885326286623e-04,-1.086694584327746419e-08,5.458025143215478714e+00
-4.196566790707148971e-05,-1.096876055222315537e-04,9.665932971910765018e-09,5.458025130401848557e+00
-7.031452121824985314e-05,-1.466505068665466054e-04,-7.719911749772358044e-09,5.458025167244950460e+00
-7.001554998720961023e-05,-1.524611087839973294e-04,-9.621644434147834692e-09,5.458025165402903944e+00
-6.790603783802022996e-05,-1.494428091146762024e-04,-8.180801600947767221e-09,5.458025147888347917e+00
-6.639619136381122357e-05,-1.459601045875410391e-04,-6.894478533029700600e-09,5.458025140545530007e+00
-8.721192123930501718e-05,-1.794971839080009490e-04,-1.947300498767032042e-08,5.458025147171717606e+00
-6.541032156468863971e-05,-1.496264294715231031e-04,-6.529433624649612682e-09,5.458025133123301842e+00
-5.996556337131771528e-05,-1.340155356909329069e-04,-1.535105908492651378e-09,5.458025134469411732e+00
-7.993049243487621676e-05,-1.643309781025589008e-04,-1.405046020311771937e-08,5.458025151888673321e+00
-8.323429867051278350e-05,-1.749012955116361419e-04,-1.820979417791282464e-08,5.458025153686937081e+00
-7.874587211286561330e-05,-1.697696684789461413e-04,-1.585113665113855672e-08,5.458025134663335720e+00
-7.542599127221210438e-05,-1.627498459303565893e-04,-1.277000301269792931e-08,5.458025126228259083e+00
-7.223690196569919580e-05,-1.557994357342597940e-04,-1.023347617281658287e-08,5.458025125435552738e+00
-6.898861589476942683e-05,-1.489515192945846595e-04,-8.303826616904101293e-09,5.458025132592998929e+00
-7.756997157854156680e-05,-1.644197345050036252e-04,-1.333644063132644742e-08,5.458025177403078132e+00
-8.734049936290367579e-05,-1.817884699679072030e-04,-1.963213859055669888e-08,5.458025199900413682e+00
-9.080534236442917406e-05,-1.928375713906734206e-04,-2.380412633296731789e-08,5.458025170316799013e+00
-7.304515364186193115e-05,-1.627375411568314338e-04,-1.220410720203161916e-08,5.458025154217465591e+00
-7.438662655721443905e-05,-1.607297686791939715e-04,-1.154711595178619115e-08,5.458025136103337616e+00
-5.319475552321336747e-05,-1.240318359877354228e-04,4.182858296020099524e-10,5.458025065751598959e+00
-6.774020739188551035e-05,-1.470457248543706713e-04,-7.774068528037325900e-09,5.458025087186898716e+00
-6.920282002754905772e-05,-1.518559116890865314e-04,-9.075926465977895379e-09,5.458025092888711072e+00
-6.327158732912721171e-05,-1.444434055558258868e-04,-5.668098572749087140e-09,5.458025089083959891e+00
-5.664819868582962663e-05,-1.328401400133555192e-04,-1.192772278473309998e-09,5.458025086271694803e+00
-4.365777907532828313e-05,-1.088535404779338614e-04,6.601475646981950570e-09,5.458025119161998617e+00
-6.283612846412241616e-05,-1.387834367784211188e-04,-4.428125258222378181e-09,5.458025098337922820e+00
-4.697607417266379156e-05,-1.112263098389052737e-04,4.420626853848113376e-09,5.458025133446346544e+00
7.356713427930536243e-05,1.415089400355762502e-04,3.077873595128542864e-09,5.458025109534633934e+00
-5.112104845137666655e-05,-1.183467414454345576e-04,6.240224593270516384e-10,5.458025127213128158e+00
-6.735487104067096646e-05,-1.451995906580458469e-04,-7.444738368715111874e-09,5.458025186943499918e+00
2.049100853170423729e-05,3.759838152755329239e-05,-6.007618872481907155e-09,5.458025162404653408e+00
1.749047999636478527e-05,2.653371302708965387e-05,-1.746055365463691393e-09,5.458025190576108798e+00
1.345285587707803409e-05,1.442870467088767763e-05,1.471701451703350006e-09,5.458025161715004181e+00
-3.719060197393349426e-07,-1.386166717489435787e-05,-7.509441414162437721e-10,5.458025174685058545e+00
-1.259687948015103840e-05,-3.813238619941782334e-05,-2.182070972014420613e-09,5.458025179033252350e+00
-2.154960463892302238e-05,-5.622107887268060612e-05,-2.135518796500208045e-09,5.458025185559817416e+00
-2.602857182661433795e-05,-6.654434610831276434e-05,-2.672060370762371599e-10,5.458025189974542002e+00
-2.649724878722741248e-05,-6.986116631429697054e-05,2.900731854500707023e-09,5.458025194600606866e+00
-2.383752274328014266e-05,-6.738269735622200271e-05,6.517480756579334155e-09,5.458025201707895846e+00
-1.906304069099338782e-05,-6.046350357441446102e-05,9.587808325095833926e-09,5.458025215494100024e+00
-1.304739787376689772e-05,-5.030455877292406745e-05,1.123455339306541828e-08,5.458025242120525533e+00
-6.443273769245370865e-06,-3.788022579686945926e-05,1.087835875033998868e-08,5.458025290441697486e+00
3.251070968984334260e-07,-2.392895487873877784e-05,8.326068687131619012e-09,5.458025372258713759e+00
6.780735129461444909e-06,-9.491268622086233855e-06,3.767848443271623452e-09,5.458025501986776717e+00
1.159207707899531666e-05,3.220483852988970887e-06,-2.287403626883918836e-09,5.458025695564657553e+00
1.354393939006680294e-05,1.430729066374090302e-05,-9.113100790937787376e-09,5.458025968742595602e+00
1.267625260998648550e-05,2.394469886445205699e-05,-1.592748392771368853e-08,5.458026334949319214e+00
9.644461600012719244e-06,3.227481651421697353e-05,-2.208058328701265443e-08,5.458026802894112350e+00
5.284113078399219494e-06,3.942224975194566977e-05,-2.713260290437238041e-08,5.458027375660286395e+00
3.601858926204647881e-07,4.549365844746907419e-05,-3.084282396342112416e-08,5.458028050185503410e+00
-4.542545331133594386e-06,5.058194591559640263e-05,-3.311175712506494829e-08,5.458028817604068550e+00
-9.040901954047631428e-06,5.476894429092625635e-05,-3.391076681616769852e-08,5.458029664117344026e+00
-1.292708226985394074e-05,5.812782183922706445e-05,-3.322117643307601469e-08,5.458030572160715188e+00
-1.612379086789717021e-05,6.072487595532408708e-05,-3.099253127078113805e-08,5.458031521685231091e+00
-1.863826170139328651e-05,6.262087763930485171e-05,-2.712127409067635579e-08,5.458032491451390911e+00
-2.052404454050638988e-05,6.387204633631919561e-05,-2.144643413912039535e-08,5.458033460284716476e+00
-2.185351994142847954e-05,6.453075324653818922e-05,-1.375715896410978773e-08,5.458034408270395765e+00
-2.270067094111160815e-05,6.464602858850423516e-05,-3.807172607000612535e-09,5.458035317870725933e+00
-2.313202886583720882e-05,6.426393189916520740e-05,8.667760039650761897e-09,5.458036174946791164e+00
-2.320329266898445337e-05,6.342782831703964747e-05,2.393188902873996010e-08,5.458036969661485216e+00
-2.295936597630791190e-05,6.217860114282627274e-05,4.223272928955080283e-08,5.458037697238619756e+00
-2.243608331637742459e-05,6.055482164184377870e-05,6.378618038797276493e-08,5.458038358554402336e+00
-2.166246866851873141e-05,5.859289008895832612e-05,8.876386932510008726e-08,5.458038960541998996e+00
-2.066285960896252927e-05,5.632715741041200732e-05,1.172827760787515649e-07,5.458039516396208768e+00
-1.945859228420993023e-05,5.379003349389386142e-05,1.493970982105381479e-07,5.458040045573257615e+00
-1.806917572512457533e-05,5.101208608802878749e-05,1.850922619568096029e-07,5.458040573587412680e+00
-1.651301189978976016e-05,4.802213278883658951e-05,2.242810257536546916e-07,5.458041131614383090e+00
-1.480777077624943489e-05,4.484732762304635386e-05,2.668015556834402426e-07,5.458041755916464233e+00
-1.297053615021807012e-05,4.151324321858422311e-05,3.124173997597658185e-07,5.458042487109881158e+00
-1.101782007716781806e-05,3.804394911696997551e-05,3.608192189859923483e-07,5.458043369298721359e+00
-8.965517667861391633e-06,3.446208657453648329e-05,4.116281508334754966e-07,5.458044449101829620e+00
-6.828847855118835554e-06,3.078894007279503676e-05,4.644006253790219323e-07,5.458045774600866373e+00
-4.622304923458059274e-06,2.704450567309870109e-05,5.186344616683467564e-07,5.458047394237887318e+00
-2.359630705806306045e-06,2.324755632707868646e-05,5.737760639895835158e-07,5.458049355690399729e+00
-5.380837774780242095e-08,1.941570421734486166e-05,6.292284813538965320e-07,5.458051704750386257e+00
2.282925989189779350e-06,1.556546026976715866e-05,6.843601899208809513e-07,5.458054484232262027e+00
4.639059317778303736e-06,1.171229083923956208e-05,7.385143424483318270e-07,5.458057732932545036e+00
7.003770126328360814e-06,7.870671771354822174e-06,7.910183616084998225e-07,5.458061484660921892e+00
9.366893802205491267e-06,4.054139842599874842e-06,8.411936526472314705e-07,5.458065767360727349e+00
1.171888757747700732e-05,2.753417527137645736e-07,8.883653050670398741e-07,5.458070602333198629e+00
1.405079669881272546e-05,-3.453919270235724928e-06,9.318716313277990304e-07,5.458076003577295054e+00
4.142096882319969641e-04,-4.321082074112217735e-04,1.005362642175158525e-06,5.458088521285024086e+00
2.731348241920866673e-04,-3.192141067425476454e-04,2.316079624529710778e-07,5.458118832038680424e+00
1.021577073397823051e-04,-1.433460703765272574e-04,-6.533018003630863091e-07,5.458134252563280775e+00
8.585685429524633273e-05,-8.178788308261517915e-05,-6.454870306005686649e-07,5.458111947089738791e+00
1.024084185129951329e-04,-8.843070597367244396e-05,-4.148962763623225587e-07,5.458084172101413500e+00
9.475154416017566108e-05,-8.279474154921803405e-05,-3.286405702509267473e-07,5.458065651065822088e+00
1.603463020787380944e-04,-1.459678579637422539e-04,-9.969455285235340917e-08,5.458048398663629008e+00
1.346661839320004910e-04,-1.328834876705475344e-04,-9.824003866520122200e-08,5.458039112273985083e+00
1.328471509042310162e-04,-1.303487649292491392e-04,-7.302803383810549573e-08,5.458033469557807216e+00
1.364217112525181860e-04,-1.324844025508673559e-04,-4.794901772503315425e-08,5.458029775123964811e+00
1.384228199781690474e-04,-1.350125692033767348e-04,-3.092468876616511080e-08,5.458027556360094401e+00
1.395821357515211010e-04,-1.370085942619130753e-04,-2.064736401981393673e-08,5.458026349143669798e+00
1.403845209248529122e-04,-1.384198318152011142e-04,-1.491064557816153169e-08,5.458025753262196744e+00
1.100987766265493543e-04,-1.135883650261717756e-04,-3.717045538224559144e-08,5.458025486676646665e+00
1.707043491434481861e-04,-1.661413249317259964e-04,1.124932406011065699e-08,5.458025470648310673e+00
1.421255936594200157e-04,-1.461509293923753984e-04,-8.704669413949303884e-09,5.458025747731412025e+00
1.374853940119755960e-04,-1.389872214097416449e-04,-1.429946159998850824e-08,5.458025827147824138e+00
1.382756408077593811e-04,-1.372915433768626267e-04,-1.495024423441592137e-08,5.458025719656024677e+00
1.080367954666703510e-04,-1.117296882561008613e-04,-2.752609758826989314e-08,5.458025571008924715e+00
1.652743797391680925e-04,-1.610021361065384622e-04,-4.406979541422828030e-09,5.458025568515046722e+00
1.361399643669961631e-04,-1.400405653787390999e-04,-1.446046405835287476e-08,5.458025638783446709e+00
1.018427369404490855e-04,-1.089205314952185579e-04,-2.528436412498265631e-08,5.458025567123598876e+00
1.574735141350244185e-04,-1.535817509523040218e-04,-1.161327353711716638e-08,5.458025546135516493e+00
1.062275765920730894e-04,-1.133092311528936016e-04,-2.238098452492803444e-08,5.458025476723364910e+00
1.498906209480145135e-04,-1.485808126181009734e-04,-1.399289572581435127e-08,5.458025502568579768e+00
1.005453608644960750e-04,-1.080126497049461965e-04,-2.106002580432239550e-08,5.458025425161755706e+00
1.236376194659537481e-04,-1.251578218526212848e-04,-1.877067210642215037e-08,5.458025391803426274e+00
1.318722298413770510e-04,-1.328221827576707285e-04,-1.770139932712816645e-08,5.458025360382327662e+00
1.283247812767434682e-04,-1.321234536661875382e-04,-1.723172122431463878e-08,5.458025354005183516e+00
1.226927055669115745e-04,-1.280934877470657398e-04,-1.714607392954768115e-08,5.458025355449189320e+00
1.177460046741879510e-04,-1.231154191949120752e-04,-1.696922793834574678e-08,5.458025345944790274e+00
1.132124216452074232e-04,-1.179353445016383860e-04,-1.646528364580901742e-08,5.458025320777556644e+00
1.086758674417689533e-04,-1.127193147428684760e-04,-1.556838975410062729e-08,5.458025285570480278e+00
8.950842186599738731e-05,-9.450736399741026521e-05,-1.292835275699646648e-08,5.458025288038679257e+00
1.303888022513599067e-04,-1.292837741189634322e-04,-1.673474832475780174e-08,5.458025238322001371e+00
1.041949208926433901e-04,-1.067418364656126222e-04,-1.307977009219409657e-08,5.458025251171260805e+00
1.106024841381179376e-04,-1.141403962660935892e-04,-1.332069518989197972e-08,5.458025256929998292e+00
1.241477251634545015e-04,-1.255473456050313784e-04,-1.464241665170453733e-08,5.458025256205486286e+00
1.287681361449289057e-04,-1.299618613450351982e-04,-1.463095168412773575e-08,5.458025250628554481e+00
1.246672120386434972e-04,-1.277106837273789763e-04,-1.374762239025102019e-08,5.458025244372322504e+00
1.163220599759160270e-04,-1.214212628125870295e-04,-1.262998636725414490e-08,5.458025239109105087e+00
1.070193035405232285e-04,-1.131887369334551102e-04,-1.123452710440311299e-08,5.458025232184555264e+00
-7.033724968067697281e-05,7.543809029393035105e-05,-1.127839508126899335e-08,5.458025198784512533e+00
9.528703934705352635e-05,-1.010868861805210554e-04,-8.946745831387152294e-09,5.458025188123251326e+00
-3.281254730895482696e-05,4.030057737574942151e-05,-1.189623854113045850e-08,5.458025196365600351e+00
-2.569844050695713078e-05,3.279721733263754114e-05,-1.018539237209185346e-08,5.458025206180065148e+00
-1.913918480732042845e-05,2.484230615250635505e-05,-9.206413921603753430e-09,5.458025180659301867e+00
2.737525199015489775e-06,3.385839671324418979e-06,-1.085592751985468037e-08,5.458025187746516238e+00
2.249060106903279270e-05,-1.612175295892537353e-05,-1.239073270759219692e-08,5.458025189034092506e+00
3.799001093456498763e-05,-3.198614448956099010e-05,-1.300418735786466569e-08,5.458025191663004705e+00
4.731121517934890936e-05,-4.279391652726234374e-05,-1.245220831271742032e-08,5.458025191784539487e+00
5.106199397959865270e-05,-4.891944775064161410e-05,-1.093972912842261607e-08,5.458025190553346562e+00
5.042390548590012882e-05,-5.110068684569401708e-05,-8.592429785428862590e-09,5.458025188507210856e+00
4.679911679948751848e-05,-5.022178574843777667e-05,-5.325167388611585905e-09,5.458025186754213109e+00
4.140402378673846027e-05,-4.708592487044472945e-05,-8.945058699685564374e-10,5.458025186974863274e+00
3.457591773341613740e-05,-4.223979354441642967e-05,5.034543537438666169e-09,5.458025192109472457e+00
2.757615417403823626e-05,-3.632361296020286294e-05,1.258925954686134782e-08,5.458025207966434422e+00
2.119769904978927353e-05,-2.979286803037635293e-05,2.170086860344440790e-08,5.458025243261332093e+00
1.519258437324574457e-05,-2.282622040701567869e-05,3.218476156917762591e-08,5.458025309479467957e+00
9.504614153085638853e-06,-1.558453754556249739e-05,4.366000130271337470e-08,5.458025420666599459e+00
4.004804620061521271e-06,-8.166588891385186030e-06,5.561994686350212028e-08,5.458025592301847695e+00
-1.401152967568350200e-06,-6.378734865615384010e-07,6.746530424432898950e-08,5.458025840056310862e+00
-6.544614479652246385e-06,6.704372220049345757e-06,7.853943696228198984e-08,5.458026178382647586e+00
-1.072918610545386102e-05,1.253709647215188710e-05,8.815839327722488115e-08,5.458026619135081248e+00
-1.468053585034383493e-05,1.561031889948532141e-05,9.567903100436920699e-08,5.458027170290963959e+00
-1.867842144454779149e-05,1.588291928127504257e-05,1.007497080937223412e-07,5.458027834873396600e+00
-2.272443759938605663e-05,1.386699752865488341e-05,1.035555796593265939e-07,5.458028610173812467e+00
-2.669061883514392585e-05,1.023313888571640420e-05,1.047073504575669184e-07,5.458029487845065475e+00
-3.041627631717128702e-05,5.620216204160917530e-06,1.049748237640098137e-07,5.458030454871538595e+00
-3.376123913914837497e-05,5.564756771867623532e-07,1.051001352482410921e-07,5.458031494830556163e+00
-3.662812871920635049e-05,-4.558980712495112158e-06,1.056861652070938254e-07,5.458032589300364279e+00
-3.896528933611265595e-05,-9.446113210650905356e-06,1.071416585663584267e-07,5.458033719245260151e+00
-4.075965923508528355e-05,-1.392273588887995148e-05,1.096658396788686862e-07,5.458034866280936370e+00
-4.202596717928618882e-05,-1.788141078313324449e-05,1.132586564543511511e-07,5.458036013779193674e+00
-4.279607449792717690e-05,-2.126870912923780677e-05,1.177463244798244298e-07,5.458037147807281997e+00
-4.311032140715873295e-05,-2.406837747784246168e-05,1.228146489451356930e-07,5.458038257910994062e+00
-4.301143439838253874e-05,-2.628854003018469692e-05,1.280449757276967730e-07,5.458039337753978870e+00
-4.254080772164353300e-05,-2.795243857858714989e-05,1.329494183846026575e-07,5.458040385620862800e+00
-4.173663883473820993e-05,-2.909200515492110529e-05,1.370033951476514245e-07,5.458041404788243511e+00
-4.063332672383821267e-05,-2.974356957470798495e-05,1.396745053625624370e-07,5.458042403763172068e+00
-3.926161353841942623e-05,-2.994510318440610352e-05,1.404473444407496144e-07,5.458043396387450841e+00
-3.764907887341704598e-05,-2.973452565570599865e-05,1.388442983420398101e-07,5.458044401806367851e+00
-3.582072989102024922e-05,-2.914872168184843594e-05,1.344424914547422785e-07,5.458045444301381721e+00
-3.379954295208391352e-05,-2.822301516091542129e-05,1.268871774470599894e-07,5.458046552988809808e+00
-3.160689370692409386e-05,-2.699092730480748937e-05,1.159018406745171809e-07,5.458047761389250851e+00
-2.926286428848418422e-05,-2.548410330441453094e-05,1.012953062616340313e-07,5.458049106875327183e+00
-2.678644360283848752e-05,-2.373233348862885517e-05,8.296610601551927541e-08,5.458050630008258963e+00
-2.419564752113921406e-05,-2.176362315545703665e-05,6.090433433696208886e-08,5.458052373776722810e+00
-2.150758613652166242e-05,-1.960428387797574334e-05,3.519127386340593358e-08,5.458054382753657841e+00
-1.873850076243864220e-05,-1.727903099762263927e-05,5.996959138946143191e-09,5.458056702189134413e+00
-1.590378675925292068e-05,-1.481107934851568255e-05,-2.642403359311152411e-08,5.458059377058264161e+00
-1.301801254418631622e-05,-1.222223350846403732e-05,-6.173837429986718644e-08,5.458062451084785494e+00
-1.009494009392264522e-05,-9.532971361469523721e-06,-9.954108775183135648e-08,5.458065965760426685e+00
-7.147549020650959339e-06,-6.762520965433141919e-06,-1.393637661741108264e-07,5.458069959380635439e+00
-4.188064388908518822e-06,-3.928931190162183562e-06,-1.806836817009566224e-07,5.458074466115952816e+00
-1.227987272272255160e-06,-1.049136959059048112e-06,-2.229335286559387787e-07,5.458079515137232995e+00
1.721873109783819038e-06,1.860980218708710007e-06,-2.655116432037876344e-07,5.458085129811287572e+00
4.651366821236607512e-06,4.786535831415653357e-06,-3.077924927242208649e-07,5.458091326981656444e+00
7.550971095540667131e-06,7.713589408787327974e-06,-3.491372043264611460e-07,5.458098116346878470e+00
1.041175926189846258e-05,1.062909476078575356e-05,-3.889040604915451361e-07,5.458105499946979577e+00
1.322537102644533199e-05,1.352085293025862006e-05,-4.264587152635936546e-07,5.458113471765692282e+00
1.598398426102761683e-05,1.637746771287602697e-05,-4.611840484288431174e-07,5.458122017454624775e+00
1.868028827792362785e-05,1.918830346851319697e-05,-4.924895223309537170e-07,5.458131114182675603e+00
2.130745849781348137e-05,2.194344511512124780e-05,-5.198199512942246627e-07,5.458140730611944491e+00
2.385913246992694788e-05,2.463366010653408991e-05,-5.426635439436843873e-07,5.458150826999777827e+00
4.994623819296349415e-04,4.678981957956959660e-04,-5.799539527788623502e-07,5.458183477974723807e+00
5.598330733283320994e-05,1.083931320177911257e-04,7.641114534175361640e-07,5.458228830663109932e+00
6.641540526015377065e-05,5.189477152644562420e-05,4.445586903703317160e-07,5.458184503542501176e+00
1.135517677522023596e-04,7.710440161681853606e-05,1.760426572840772580e-07,5.458128551337730450e+00
1.142981083812759276e-04,8.572377333420383590e-05,4.702470869608489196e-08,5.458074849325636357e+00
1.206632768905505608e-04,9.584787801430963308e-05,-2.289134229089900278e-08,5.458048926661259515e+00
1.465029831238729341e-04,1.158547595093158648e-04,-4.486731005245923220e-08,5.458033170674686296e+00
2.196784868712746940e-04,1.772232497493424436e-04,-3.029030378282845458e-08,5.458024910602969015e+00
2.275944243910586078e-04,1.964977575310445789e-04,-2.868709281388501127e-08,5.458022536896423027e+00
1.451203188548589858e-04,1.391849812506083426e-04,-3.633553619554151269e-08,5.458024621787368247e+00
1.415239472650122322e-04,1.239615821701558476e-04,-4.687915416504595983e-08,5.458025236857771745e+00
1.468170895734464661e-04,1.226502248108807670e-04,-4.857434777662445533e-08,5.458024581778218476e+00
1.156490725757555353e-04,9.934629779512320358e-05,-6.381389246268748268e-08,5.458024060406971856e+00
1.783610604590546011e-04,1.479436760270487288e-04,-2.465914774776754468e-08,5.458023484975377926e+00
1.472657177649202469e-04,1.291092388200398616e-04,-3.526651843930400901e-08,5.458023566390089343e+00
1.109193277900576429e-04,1.000127578774555938e-04,-5.634039565636870654e-08,5.458023783516912530e+00
1.267775085243001796e-04,1.067313922044041587e-04,-4.600804290358655543e-08,5.458023988219740552e+00
1.514264335471225968e-04,1.270897282867235602e-04,-2.467692008685271116e-08,5.458024132276015017e+00
1.726364789270749649e-04,1.492795916026010193e-04,-7.262255872110923678e-09,5.458024307242871132e+00
1.098918615661941700e-04,1.041791612071765749e-04,-4.155615258005655369e-08,5.458024590807722731e+00
1.355512210382391481e-04,1.190911788024243931e-04,-2.685019968711271930e-08,5.458024770839990047e+00
1.461813685569846564e-04,1.265289085260542937e-04,-1.933427763650211932e-08,5.458024916687913120e+00
1.430666762913674326e-04,1.263309377508222168e-04,-1.901315644398816446e-08,5.458025027272688234e+00
1.372179978446596269e-04,1.229584366033727020e-04,-2.092909620786029624e-08,5.458025117980161767e+00
1.320517581286378029e-04,1.186285473722333445e-04,-2.312360626399317638e-08,5.458025192518527469e+00
1.273470885949353284e-04,1.140581128956202320e-04,-2.515587896459499710e-08,5.458025246340505454e+00
1.226277751359351373e-04,1.094144745909302958e-04,-2.701675298339151727e-08,5.458025279641595340e+00
1.177726166943861058e-04,1.047209396595213899e-04,-2.877176381824836065e-08,5.458025300861276463e+00
9.660958073377187174e-05,8.759124086508229638e-05,-4.005612920683141962e-08,5.458025285789619652e+00
1.214441654289697016e-04,1.060270860125631808e-04,-2.345680093370902338e-08,5.458025294349788226e+00
1.596072868865669979e-04,1.351811257683867046e-04,-1.759141443963966118e-10,5.458025359726006442e+00
1.164806144898801184e-04,1.053099677916708089e-04,-2.253060357764728467e-08,5.458025314893393265e+00
1.137026616772679797e-04,1.053313108087350976e-04,-2.241326687629747800e-08,5.458025279160507282e+00
1.244972332001685372e-04,1.119452626468090594e-04,-1.646523561014550705e-08,5.458025270451617672e+00
1.290302528498924481e-04,1.141190153166251887e-04,-1.418081449085096403e-08,5.458025273960327439e+00
1.252324284471831642e-04,1.112361520384770402e-04,-1.586223285518489610e-08,5.458025275780989283e+00
-8.060374497299609348e-05,-7.985108020037787874e-05,-1.634574914235635966e-08,5.458025306651325792e+00
1.141053174211584015e-04,1.029005523427986221e-04,-2.095472226360909606e-08,5.458025305452974152e+00
-3.811196295557844378e-05,-4.281357893451653547e-05,-7.895208193461468874e-09,5.458025297466237546e+00
-3.101698547938822064e-05,-3.546607850666598700e-05,-1.165248207086319211e-08,5.458025283809852191e+00
1.341381531008334251e-04,1.177670100872314101e-04,-8.907815918412254916e-09,5.458025299664186036e+00
1.140612865906712973e-05,2.166703312874679775e-06,-3.724291497755861719e-09,5.458025297641534657e+00
8.861899278392456562e-06,2.787703682499848565e-06,-1.194515711113112883e-08,5.458025278839038208e+00
4.741650236154770880e-06,2.495779517806185650e-06,-2.075946191321036635e-08,5.458025291280346636e+00
1.559309046505331678e-05,1.335041964066688873e-05,-2.146826427870218102e-08,5.458025279809604946e+00
2.660661453808319763e-05,2.348419405101421755e-05,-2.209988321397158201e-08,5.458025279063094537e+00
3.582701406145260555e-05,3.167999168051294814e-05,-2.369619605245023109e-08,5.458025282752727136e+00
4.117817917722113325e-05,3.672353869758725734e-05,-2.729288086347715861e-08,5.458025293581958870e+00
4.270844637504334464e-05,3.875548071259333864e-05,-3.293567833014560442e-08,5.458025311617070052e+00
4.102385014807767159e-05,3.819377480146162162e-05,-4.051650920808854971e-08,5.458025339415627286e+00
3.702393367156878471e-05,3.559163297118409175e-05,-4.984575896635198781e-08,5.458025381558910816e+00
3.155650175025043202e-05,3.146665736768945753e-05,-6.071469306019698659e-08,5.458025445235326956e+00
2.529979690950618108e-05,2.625361026099303944e-05,-7.285933843138973687e-08,5.458025540205765580e+00
1.872348184400169339e-05,2.028973392084363223e-05,-8.592756562593831347e-08,5.458025678578764861e+00
1.211005967035207001e-05,1.382315292229034274e-05,-9.946229182648210581e-08,5.458025874228324525e+00
5.598366600344400649e-06,7.028483545284423126e-06,-1.129067978408933195e-07,5.458026141893474126e+00
-7.688567963763349799e-07,2.385769005205053334e-08,-1.256250115145629881e-07,5.458026496021322060e+00
-6.741351159534541231e-06,-6.869402580157203675e-06,-1.369293802116154292e-07,5.458026949463616440e+00
-1.152234013219856240e-05,-1.258708208010117083e-05,-1.461108212671613811e-07,5.458027512143267757e+00
-1.581050618551596034e-05,-1.677044841134847183e-05,-1.525212303707214463e-07,5.458028189766709559e+00
-1.992339236558786781e-05,-1.949211679214857978e-05,-1.558405510540055086e-07,5.458028982711375932e+00
-2.392404478030279416e-05,-2.099722741075417740e-05,-1.561613555560814794e-07,5.458029885632242006e+00
-2.774623726784586168e-05,-2.157313181105285449e-05,-1.538055009667514793e-07,5.458030887426984279e+00
-3.128030377819578670e-05,-2.148499986183915336e-05,-1.491912302026723158e-07,5.458031971735423760e+00
-3.442260334396325401e-05,-2.095125397724564704e-05,-1.427529521250075765e-07,5.458033117706348136e+00
-3.709846394900342476e-05,-2.013920954919732822e-05,-1.348986146870520331e-07,5.458034300934971661e+00
-3.926787091298493339e-05,-1.917026463708055073e-05,-1.259910817899120454e-07,5.458035494513708841e+00
-4.092167251095452091e-05,-1.812850712621375042e-05,-1.163431749511193014e-07,5.458036670153692427e+00
-4.207381077301542474e-05,-1.706963515074441304e-05,-1.062198667645165042e-07,5.458037799333395057e+00
-4.275301305473122127e-05,-1.602878314339202051e-05,-9.584355166207306632e-08,5.458038854429113407e+00
-4.299573066159361086e-05,-1.502679228397117486e-05,-8.540012754744752630e-08,5.458039809781618956e+00
-4.284097935524334923e-05,-1.407493778457854253e-05,-7.504474734992591044e-08,5.458040642658197328e+00
-4.232706040632350111e-05,-1.317833096405584380e-05,-6.490677641201476695e-08,5.458041334076876083e+00
-4.148981195992206342e-05,-1.233827374363342927e-05,-5.509378767594528705e-08,5.458041869470501517e+00
-4.036194166805857458e-05,-1.155383093880865518e-05,-4.569472712816639710e-08,5.458042239177849808e+00
-3.897302376282373428e-05,-1.082284393983712117e-05,-3.678237206179346643e-08,5.458042438759512116e+00
-3.734983493913497220e-05,-1.014256019064763197e-05,-2.841528474546356015e-08,5.458042469142500686e+00
-3.551680702565336622e-05,-9.510007613711792264e-06,-2.063937446489277297e-08,5.458042336604192357e+00
-3.349646551249524287e-05,-8.922205363025115341e-06,-1.348923896909963852e-08,5.458042052609330064e+00
-3.130979160265401985e-05,-8.376273405551215736e-06,-6.989318637139701005e-09,5.458041633515834157e+00
-2.897649040144641570e-05,-7.869482109869872346e-06,-1.154978203454159746e-09,5.458041100166989956e+00
-2.651517326295410007e-05,-7.399268111353239505e-06,4.006522766734879552e-09,5.458040477387230638e+00
-2.394347331444375457e-05,-6.963232567430447497e-06,8.495067192197416261e-09,5.458039793399592554e+00
-2.127811523628554946e-05,-6.559131297139926393e-06,1.231680128833758541e-08,5.458039079182055886e+00
-1.853495758846105982e-05,-6.184862068562544974e-06,1.548328893808215614e-08,5.458038367779872502e+00
-1.572902129994088077e-05,-5.838451773468529874e-06,1.801070788508568819e-08,5.458037693590485517e+00
-1.287451323742642242e-05,-5.518044732365145313e-06,1.991913650780173599e-08,5.458037091636453120e+00
-9.984849769960035725e-06,-5.221892493599533003e-06,2.123185856237301877e-08,5.458036596841409960e+00
-7.072682539795596381e-06,-4.948345187667071726e-06,2.197477074889250652e-08,5.458036243322583303e+00
-4.149926751989398027e-06,-4.695844195196050346e-06,2.217582533776116397e-08,5.458036063712309094e+00
-1.227791502465078905e-06,-4.462915939601694495e-06,2.186456247820297898e-08,5.458036088519829576e+00
1.683188786500623170e-06,-4.248166515838664281e-06,2.107169290973330000e-08,5.458036345542817358e+00
4.573122702004164727e-06,-4.050277014698537745e-06,1.982873471407074080e-08,5.458036859337097368e+00
7.432730658287614315e-06,-3.867999353940851742e-06,1.816772837923978866e-08,5.458037650751022873e+00
1.025331471296971439e-05,-3.700152485744888044e-06,1.612097958980000213e-08,5.458038736530061108e+00
1.302672963068830771e-05,-3.545618942691953372e-06,1.372086820376876251e-08,5.458040128995127915e+00
1.574535537913568459e-05,-3.403341599525198448e-06,1.099968784251644388e-08,5.458041835797424746e+00
1.840207097172737367e-05,-3.272320662023418961e-06,7.989526333775118110e-09,5.458043859750574711e+00
2.099022972350063262e-05,-3.151610814669295448e-06,4.722180388276841133e-09,5.458046198740305499e+00
2.350363570586194918e-05,-3.040318528794372707e-06,1.229083261931592156e-09,5.458048845710382402e+00
2.593652141195785412e-05,-2.937599498580546349e-06,-2.458723889903097987e-09,5.458051788722555919e+00
4.952069153042726844e-04,-1.683149065870169259e-05,-1.438639020513835255e-08,5.458062204613898238e+00
2.429570166059806947e-04,-1.008229007512866230e-05,-4.789091768255320949e-08,5.458073521236282311e+00
1.251911234633846723e-04,-5.964834238789177153e-06,-5.194363073861737509e-08,5.458077587442582868e+00
1.211593240981965732e-04,-4.508291793786286157e-06,-3.905601947387615433e-08,5.458071917954674390e+00
1.371617302872272398e-04,-4.114087088812270596e-06,-2.501289893654551402e-08,5.458061759271446434e+00
1.453919136442782117e-04,-4.014954572877391089e-06,-1.336571635038942351e-08,5.458051645127608431e+00
1.482026524458252871e-04,-3.977704923811736463e-06,-3.873384826189598223e-09,5.458043346983037836e+00
1.497169716142519326e-04,-3.950747276784403439e-06,3.906388037222637847e-09,5.458037098512950713e+00
1.510106885721277888e-04,-3.925565841022133202e-06,1.023884929620345920e-08,5.458032620958878312e+00
1.519669339520559530e-04,-3.900691256790718200e-06,1.533611574822372772e-08,5.458029535691620637e+00
1.266468853846857670e-04,-3.214667725942058217e-06,1.769591836417673887e-08,5.458028073068278196e+00
1.999967802439930051e-04,-5.042892537004855999e-06,2.151336993644324441e-08,5.458026556579717692e+00
1.756556998807633815e-04,-4.542005387954234331e-06,2.171686635695345370e-08,5.458025790423316259e+00
1.319546337555074008e-04,-3.477919978683894432e-06,2.250905607185064632e-08,5.458025546463025179e+00
1.925754802949264214e-04,-4.945720337969122910e-06,2.484643835953794126e-08,5.458025296915117508e+00
1.553978253389816638e-04,-3.982352040473830936e-06,2.456041439852937144e-08,5.458025205884381670e+00
1.951794231866991124e-04,-5.048117563116455459e-06,2.535644163573722401e-08,5.458025175876020540e+00
1.512988434927063598e-04,-3.949207484348597114e-06,2.499774395031071238e-08,5.458025192748128696e+00
1.863016925782757529e-04,-4.858558938457466689e-06,2.577802131718153340e-08,5.458025234907168510e+00
1.441172973577593765e-04,-3.771087824977982622e-06,2.564944140506185433e-08,5.458025253931987564e+00
1.571738333579854644e-04,-4.121236801033359135e-06,2.666725251512563534e-08,5.458025270384124106e+00
1.984605703280260109e-04,-5.123863121448562950e-06,2.605314830744984110e-08,5.458025275795591824e+00
1.447684139201533139e-04,-3.824535713224015472e-06,2.557312995788666189e-08,5.458025290398881069e+00
1.463617135133727515e-04,-3.920786320447524077e-06,2.641830510397056458e-08,5.458025307328944642e+00
1.661604649367812625e-04,-4.359781807140182183e-06,2.669338170815420465e-08,5.458025310719428091e+00
1.773084753961874128e-04,-4.619621119950537673e-06,2.638467773426700824e-08,5.458025311096333709e+00
1.769778196409777936e-04,-4.656033961728567586e-06,2.588587979713212748e-08,5.458025313912591159e+00
1.701842050163823250e-04,-4.545526648387396484e-06,2.547138736843554352e-08,5.458025318957730576e+00
-1.297475887853212690e-04,4.611040607603549945e-06,2.490276252612165248e-08,5.458025321929221185e+00
1.599417791781105474e-04,-4.324802853050611649e-06,2.478557684346357844e-08,5.458025325804634065e+00
1.905831490456641312e-04,-5.090037082098310898e-06,2.467899455547149824e-08,5.458025330299763667e+00
-7.403689793889677495e-05,2.958211681662803520e-06,2.396221059022336447e-08,5.458025330955337040e+00
1.532064684804567355e-04,-4.227247148348380716e-06,2.364464635874723304e-08,5.458025330207307846e+00
-5.338167603597261364e-05,2.206286828505192075e-06,2.380433403962450554e-08,5.458025331407448277e+00
-5.241108267021851372e-05,2.121416925867011082e-06,2.384892322554445502e-08,5.458025329628994449e+00
-4.872226196480985570e-05,1.961501306355603550e-06,2.347775646661587754e-08,5.458025327795910542e+00
1.832871530268706571e-04,-4.959118375607115882e-06,2.341318528117936511e-08,5.458025327459352205e+00
2.281076849095812898e-05,1.833936684027290354e-08,2.313011525974300690e-08,5.458025326568868962e+00
1.250536105274392226e-05,1.886817757101470755e-07,2.295199777287321924e-08,5.458025322280434466e+00
6.133067746016262486e-07,3.791333430303622511e-07,2.257609442197886727e-08,5.458025317388971231e+00
9.814802722107952610e-06,4.482837648581050278e-08,2.276688265575462716e-08,5.458025314211123025e+00
2.135600544977670119e-05,-3.121263133792565097e-07,2.289484531493190660e-08,5.458025313039284399e+00
3.256145770545380136e-05,-6.352398591726826289e-07,2.303814174784943852e-08,5.458025315001104438e+00
4.029226516437078685e-05,-8.623602851663569819e-07,2.318169525863833815e-08,5.458025320945584014e+00
4.412265826635423536e-05,-9.900421690762118124e-07,2.337109636338458773e-08,5.458025332142536712e+00
4.440392711258417434e-05,-1.027969967398799363e-06,2.364219260882521913e-08,5.458025350705076661e+00
4.197714054681240994e-05,-9.935482222319289585e-07,2.402629620629197712e-08,5.458025380146708017e+00
3.772712714394392579e-05,-9.042831768568055120e-07,2.454200356428099465e-08,5.458025425766970251e+00
3.241269316519390469e-05,-7.754518846010054287e-07,2.519464476828831156e-08,5.458025494852291715e+00
2.659017969054570498e-05,-6.191267880616726883e-07,2.597658131646943282e-08,5.458025596621313369e+00
2.061646619029373605e-05,-4.442669407911316425e-07,2.686926832859768361e-08,5.458025741893026250e+00
1.468531962049568479e-05,-2.571847471084345558e-07,2.784587783721875088e-08,5.458025942499650007e+00
8.875034502699029771e-06,-6.213317223115021554e-08,2.887396389918729943e-08,5.458026210513576615e+00
3.192670125589034220e-06,1.381431514089708931e-07,2.991780788703759699e-08,5.458026557380457611e+00
-2.391264470951967996e-06,3.419505132529050025e-07,3.094020544336598957e-08,5.458026993046271258e+00
-7.919114552173341453e-06,5.482960546323540208e-07,3.190379556260651297e-08,5.458027525146012415e+00
-1.317444307345707538e-05,7.487487973817854978e-07,3.277201779974029138e-08,5.458028158295757493e+00
-1.716081345177578887e-05,1.331306000174476528e-06,3.350982455772669720e-08,5.458028893507492540e+00
-1.972103592052726405e-05,3.920320577712328421e-06,3.408630094408696964e-08,5.458029727726790625e+00
-2.102947173576218614e-05,8.755373204948869870e-06,3.436737010213419859e-08,5.458030653482641270e+00
-2.139069219205149333e-05,1.539079411284342196e-05,3.363943841947453331e-08,5.458031658950416976e+00
-2.111792164175941915e-05,2.316714896339609921e-05,3.061360710157211055e-08,5.458032728962768587e+00
-2.047347523943304412e-05,3.143615960702855723e-05,2.391561107067185543e-08,5.458033845983961463e+00
-1.964804676451740455e-05,3.965878103080495710e-05,1.239284314123251680e-08,5.458034991448775131e+00
-1.876336736901311917e-05,4.743157252412395552e-05,-4.741053778784732886e-09,5.458036147013696215e+00
-1.788583513305784748e-05,5.447894300306835525e-05,-2.787092952974848954e-08,5.458037295567744529e+00
-1.704315494036812154e-05,6.063143648404021208e-05,-5.700922765693008121e-08,5.458038421993153477e+00
-1.623947336469732205e-05,6.580099596601365485e-05,-9.185618540721326804e-08,5.458039513746306248e+00
-1.546705519209081272e-05,6.995833434222974764e-05,-1.318698911095175788e-07,5.458040561351964470e+00
-1.471415520487827852e-05,7.311437136251616926e-05,-1.763341389554237767e-07,5.458041558888213629e+00
-1.396959830757674383e-05,7.530602688597594916e-05,-2.244182946004910635e-07,5.458042504506600778e+00
-1.322491278925081484e-05,7.658589716189747958e-05,-2.752271938371777111e-07,5.458043400993490835e+00
-1.247487368055392144e-05,7.701507220637699314e-05,-3.278412546236625758e-07,5.458044256348980383e+00
-1.171716489972011444e-05,7.665833724507267158e-05,-3.813477751301361690e-07,5.458045084338703390e+00
-1.095166842785834214e-05,7.558109897977436200e-05,-4.348648399629875705e-07,5.458045904966748019e+00
-1.017969826936427805e-05,7.384751065841362581e-05,-4.875591217468763246e-07,5.458046744817858453e+00
-9.403345842711302154e-06,7.151940044500299410e-05,-5.386587648663321136e-07,5.458047637225265980e+00
-8.502490091460921518e-06,6.842837625808607840e-05,-5.884311692956554087e-07,5.458048711149423582e+00
-7.617680352053149428e-06,6.489229077377075834e-05,-6.351917079535351215e-07,5.458049907548312873e+00
-6.852212376185653755e-06,6.113247085073147513e-05,-6.774288147607288505e-07,5.458051222880320630e+00
-6.122412625899716261e-06,5.704216785342786696e-05,-7.156101845119823608e-07,5.458052771226846289e+00
-5.413332008852231585e-06,5.264335702299622000e-05,-7.494305363002778320e-07,5.458054624043150227e+00
-4.707168933635781524e-06,4.795374145803606825e-05,-7.786762346813836164e-07,5.458056854257958612e+00
-3.998927450094861969e-06,4.300673480623132521e-05,-8.031405236456032401e-07,5.458059531354980010e+00
-3.288054229234171364e-06,3.783852685141839405e-05,-8.226696880323557326e-07,5.458062723795895188e+00
-2.577250375577246134e-06,3.248654156362311624e-05,-8.371664848364504111e-07,5.458066498254915189e+00
-1.870271960205914180e-06,2.698716721179868547e-05,-8.465947783952198361e-07,5.458070918721145581e+00
-1.170922018673900386e-06,2.137495889040130819e-05,-8.509781352602669387e-07,5.458076045234880880e+00
-4.824605383475916561e-07,1.568224342772356567e-05,-8.503962576145502688e-07,5.458081932538137337e+00
1.925779085941440374e-07,9.939055620835397046e-06,-8.449798532523258569e-07,5.458088628712683743e+00
8.523581857549358202e-07,4.173216854440188265e-06,-8.349048045114646468e-07,5.458096173874414703e+00
1.495613317472101064e-06,-1.589518783618442301e-06,-8.203860755634264168e-07,5.458104598967462806e+00
2.121486463226378509e-06,-7.325300215332875922e-06,-8.016716540185488262e-07,5.458113924690926488e+00
5.811881141099614764e-05,-7.141667448867485479e-04,-7.527777272553108792e-07,5.458135304281040767e+00
1.584881070292893664e-05,-2.676086889302492912e-04,6.078899610125280838e-07,5.458208553505957461e+00
9.146476088095450540e-06,-6.814746818810132163e-05,9.122743367883732768e-07,5.458192756498929654e+00
-1.528889889176581748e-06,7.504333935665496601e-05,1.032039685857305013e-06,5.458126778379047472e+00
1.472511164620243405e-05,-7.897710686742183959e-05,4.334211246345476652e-07,5.458059051622098146e+00
1.851790624016533740e-05,-1.418333906700826644e-04,1.926429899368795846e-07,5.458032472484834585e+00
1.980975347213033660e-05,-1.656001039254782628e-04,9.628277980537808541e-08,5.458023019870066328e+00
2.007291357139015514e-05,-1.718189425673751847e-04,5.882036426485446090e-08,5.458021168049423721e+00
2.038024271404494258e-05,-1.752674598144508930e-04,3.580847249181728338e-08,5.458021785183950314e+00
2.061506795452424203e-05,-1.779378414836486043e-04,1.994787206009461848e-08,5.458022901223807288e+00
2.077325587687775001e-05,-1.799804768739143477e-04,9.174010640520994127e-09,5.458023900143876617e+00
1.676289846032881308e-05,-1.402721108733619658e-04,6.696970607206989334e-08,5.458024769424380196e+00
2.000767791704503350e-05,-1.661770857516658235e-04,8.592259533199972640e-09,5.458025103621114482e+00
2.123678662940363173e-05,-1.829535786980667563e-04,-1.837925530888175156e-08,5.458025239496066661e+00
2.097044508819559269e-05,-1.846504662608103591e-04,-1.855142329568646098e-08,5.458025402592555864e+00
2.085892786798233700e-05,-1.839634326877961153e-04,-1.585088912321238885e-08,5.458025537013767803e+00
2.074440232231152995e-05,-1.828989121448382270e-04,-1.350250315497772956e-08,5.458025609444014492e+00
2.059574070685442170e-05,-1.815639685753357767e-04,-1.158344297240998375e-08,5.458025624969424783e+00
1.636581649938880496e-05,-1.391977549511625952e-04,3.182172536134765702e-08,5.458025592603910070e+00
1.932795466563054450e-05,-1.620450345533442737e-04,-1.468391595782195537e-09,5.458025524207426926e+00
2.292354404869383571e-05,-2.011602859088604213e-04,-3.987409879895749630e-08,5.458025495561685148e+00
2.160220000217683532e-05,-1.976577608035327035e-04,-2.805419972455693444e-08,5.458025403092235273e+00
1.923880894205110570e-05,-1.733090323614291733e-04,-5.365178583180876473e-09,5.458025390447497571e+00
1.915502130483610514e-05,-1.671230860360835909e-04,-2.693785199162911605e-09,5.458025360785690339e+00
2.135086633900298831e-05,-1.889278370039512039e-04,-2.156668969483439191e-08,5.458025356151854801e+00
2.019319322134058086e-05,-1.817069434032754060e-04,-1.340160632439008383e-08,5.458025282986797677e+00
2.034536171969201978e-05,-1.839175254613742763e-04,-1.551922456367450269e-08,5.458025297927486363e+00
1.928985671956113558e-05,-1.718002106578727663e-04,-6.624461015015323280e-09,5.458025241185259446e+00
1.946297177917579666e-05,-1.731518998854189443e-04,-9.499522550613496571e-09,5.458025256926922530e+00
2.144687833543701001e-05,-1.907138982006321320e-04,-2.150626865188991703e-08,5.458025244021218469e+00
2.096683093884796716e-05,-1.898813445179490340e-04,-1.974383460209658012e-08,5.458025226954178244e+00
2.021330696676592800e-05,-1.831746191469686984e-04,-1.510990466554126574e-08,5.458025212551875782e+00
1.958221945751699171e-05,-1.755079476859350556e-04,-1.107036646065129973e-08,5.458025202459499070e+00
1.556221792738314113e-05,-1.391951905109639902e-04,7.366925357194194185e-09,5.458025114204017036e+00
2.131017881270084641e-05,-1.916814835557086277e-04,-2.059029694786009925e-08,5.458025197435905085e+00
1.515806472500772539e-05,-1.382672796461944349e-04,7.728873154765246247e-09,5.458025108478593346e+00
1.726110901224570549e-05,-1.560959089558297682e-04,-2.864584975011847688e-09,5.458025114711492876e+00
2.778200183240713995e-05,-2.677306661257731254e-04,-5.304306450108935347e-08,5.458025124359821234e+00
2.030357691777758716e-05,-2.068718557931232887e-04,-1.439717614159721864e-08,5.458025243430475015e+00
1.567623522830962975e-05,-1.583355285589331746e-04,1.028945549879989986e-08,5.458025481650492949e+00
1.328462494402969242e-05,-1.222738344472493080e-04,2.607764837854314740e-08,5.458025602339161786e+00
1.575852847126908926e-05,-1.390066727742113718e-04,1.667212979951899482e-08,5.458025609996804306e+00
1.892110969742407458e-05,-1.692973554757088480e-04,5.632895633050168156e-10,5.458025447837891342e+00
1.501780586266398903e-05,-1.290131986049336934e-04,1.873981522242574491e-08,5.458025403354783478e+00
-8.158647233185265413e-06,1.604178369760568676e-04,1.813798906877292754e-08,5.458025340820833904e+00
1.487067864794684808e-05,-1.304008424610656153e-04,1.529994299274609889e-08,5.458025271075861440e+00
1.846575907981857749e-05,-1.619121481820854486e-04,-2.133110093543074791e-11,5.458025245196926001e+00
6.816355751679839414e-07,5.992495019304151538e-05,1.137267609309323675e-09,5.458025182559004485e+00
1.288832360885791393e-06,5.049505508487806200e-05,7.158985317897688776e-09,5.458025190583420283e+00
1.692126276635689217e-06,3.849921845883379174e-05,1.100056817145472998e-08,5.458025137214951528e+00
4.537649611399606477e-06,5.372690386921811445e-06,5.300694008705701087e-09,5.458025135401072703e+00
7.102834507053700956e-06,-2.470440359575189058e-05,4.883847566837915967e-10,5.458025123983915705e+00
9.151196123185275922e-06,-4.888258360557908244e-05,-1.822886500723234843e-09,5.458025116535329069e+00
1.036304581532599545e-05,-6.494409947982060125e-05,-7.772386203523828191e-10,5.458025108510479839e+00
1.082101422749537226e-05,-7.348982731834511175e-05,3.114641219712666785e-09,5.458025101692973280e+00
1.067853963923184459e-05,-7.571215336548808416e-05,9.091350794858691461e-09,5.458025095930663539e+00
1.012657893487663228e-05,-7.303282507641416070e-05,1.636922635410040483e-08,5.458025091339897550e+00
9.330773413372395176e-06,-6.674284455065985383e-05,2.429430501558251471e-08,5.458025088441939232e+00
8.416587396955961000e-06,-5.790567603995582272e-05,3.235345026366585489e-08,5.458025089384165085e+00
7.466240115974651715e-06,-4.733598903485037646e-05,4.015147590335602180e-08,5.458025098980692214e+00
6.525944828443620000e-06,-3.562727510801973516e-05,4.737783166668476821e-08,5.458025125454889270e+00
5.615764458120310138e-06,-2.319376080586529814e-05,5.377894462309632552e-08,5.458025180581872249e+00
4.739264443113599365e-06,-1.031357907379884485e-05,5.913876337435354143e-08,5.458025279164592902e+00
4.739264443113599365e-06,-1.031357907379884485e-05,5.913876337435354143e-08,5.458025279164592902e+00
