1.393193914540871020e-03,9.529034861883708745e-04,-3.523457171784341141e-05,5.467847415041595660e+00
1.371900292069223957e-03,9.609884554480726702e-04,-3.523454878627303862e-05,5.567447822454818507e+00
2.400472552776466376e-03,6.517888988102534800e-04,-3.504031065623023841e-04,5.753739685756820599e+00
2.755511591691510226e-04,1.857339978390505554e-04,-9.497246807315770536e-05,5.769527714770769755e+00
-8.682250925941385495e-04,-3.699130266376932249e-04,-7.206583154047682455e-05,5.777218815882250169e+00
-2.364034728554011491e-03,-8.978299327583182284e-04,-6.852180372317940346e-05,5.768042273463818148e+00
-3.559634848885455741e-03,-1.254419552839822205e-03,-5.202788182709636503e-05,5.749151077918647879e+00
-3.733354513541775003e-03,-1.350080544886978449e-03,-4.728759651631395431e-05,5.729712722559699323e+00
-2.982074293290089620e-03,-1.143744541587515210e-03,-4.340165940163710035e-05,5.711155293630562291e+00
-1.237766436523680437e-03,-6.689773534905974319e-04,-3.989917112686331590e-05,5.694540285269569679e+00
1.106859652205142508e-03,-2.679409669512370431e-05,-3.632402726305685641e-05,5.680021048766326075e+00
3.446138530921019454e-03,6.385905665650976493e-04,-3.214172023420595057e-05,5.667336768978779027e+00
5.122145039205639426e-03,1.170325482025888009e-03,-2.806525753515792617e-05,5.656178437758973665e+00
5.535837364993996014e-03,1.436467055548730845e-03,-2.490523679848502872e-05,5.646250055280849445e+00
4.390027288692902388e-03,1.362743927282607280e-03,-2.271542529013269223e-05,5.637307288764913160e+00
1.805907832213206159e-03,9.530719728327256141e-04,-2.056572311129969377e-05,5.629158575323336855e+00
-1.675589502447003172e-03,2.911700127035261572e-04,-1.729482584494834247e-05,5.621654475444915811e+00
-5.194609044089210786e-03,-4.771525746630703863e-04,-1.267703367648742310e-05,5.614678782032474835e+00
-7.745046693659100000e-03,-1.175277801066635080e-03,-7.842668043638972549e-06,5.608142813277269489e+00
-8.429968423872441843e-03,-1.634912225419888135e-03,-4.379933737997377983e-06,5.601981110233576366e+00
-6.784057566474399961e-03,-1.736859661872911832e-03,-2.782961754982356033e-06,5.596145699722947064e+00
-2.987279176783561550e-03,-1.442854700690384111e-03,-1.709671725333847388e-06,5.590598720218008744e+00
2.170134680543976853e-03,-8.069022114467426770e-04,1.020835828056021258e-06,5.585306474512488961e+00
7.460228630890733924e-03,3.646159993876181169e-05,6.369895632093664930e-06,5.580238251085639867e+00
1.000000000000000021e-02,9.000228948783069779e-04,1.285539642297762650e-05,5.575369629667968674e+00
1.000000000000000021e-02,1.582493173662786546e-03,1.754969324586816201e-05,5.570685601547872956e+00
1.000000000000000021e-02,1.915675740799112955e-03,1.871702431636886529e-05,5.566178495338422572e+00
5.233135628943642696e-03,1.809419377938988310e-03,1.792009736281176347e-05,5.561840617935369657e+00
-9.851481147242257055e-04,1.274500133438019123e-03,1.850286124325884525e-05,5.557658179098202034e+00
-7.848115512069443397e-03,4.199144357024486396e-04,2.262615843109862341e-05,5.553612809133271710e+00
-1.000000000000000021e-02,-5.697752995244040981e-04,2.984643488047034439e-05,5.549687868559307624e+00
-1.000000000000000021e-02,-1.470220293581754991e-03,3.644270933950876290e-05,5.545875454502614765e+00
-1.000000000000000021e-02,-2.064755626931573645e-03,3.883513397047563316e-05,5.542177918639862533e+00
-9.765157793946358314e-03,-2.202981356533398414e-03,3.775973458740564294e-05,5.538600137728640682e+00
-3.934255421710911201e-03,-1.838877504790771078e-03,3.672304483979663055e-05,5.535140334773736903e+00
2.422438228852883541e-03,-1.040712949122133378e-03,3.896858821841645660e-05,5.531789039618596249e+00
9.389817357003166567e-03,2.245878624489147643e-05,4.575690560483693651e-05,5.528533914785977998e+00
1.000000000000000021e-02,1.117319885507481441e-03,5.479526896978626247e-05,5.525365487100509121e+00
1.000000000000000021e-02,1.991094728829746665e-03,6.092432215156677009e-05,5.522282789813853121e+00
1.000000000000000021e-02,2.429274463108347607e-03,6.089216985360451488e-05,5.519292775222344183e+00
8.752940163679582761e-03,2.316818180287745672e-03,5.746088939748758545e-05,5.516401585297883159e+00
2.912467644772588366e-03,1.664297162067603173e-03,5.502214319625869319e-05,5.513607023586343026e+00
-3.471811840204534847e-03,6.055713026257694481e-04,5.690931570655267030e-05,5.510899644165069944e+00
-1.000000000000000021e-02,-6.306330241998567634e-04,6.368745441671516889e-05,5.508267613939709761e+00
-1.000000000000000021e-02,-1.768669699606347954e-03,7.180198464315824011e-05,5.505702030224901122e+00
-1.000000000000000021e-02,-2.540219695104502413e-03,7.604632631055813349e-05,5.503201814202069109e+00
-7.129321454476150385e-03,-2.324616707139224182e-03,7.123278300067708451e-05,5.498420437917728165e+00
1.000000000000000021e-02,3.036881537259021949e-03,8.921397940481835603e-05,5.487681357601247534e+00
-6.804643381350243894e-03,-6.317998620642680061e-04,7.968912492413302495e-05,5.480261462986429244e+00
-1.000000000000000021e-02,-3.401149823234897798e-03,9.066757147624672736e-05,5.475249383646731083e+00
1.489651120260587552e-03,-2.383236904006343689e-04,7.978354970725144366e-05,5.470691528544377569e+00
1.000000000000000021e-02,3.665370446489786809e-03,9.412704084902448227e-05,5.466553250525598706e+00
-2.591168181722796997e-03,-5.568550724549103242e-04,7.012041395011943455e-05,5.461676881921306403e+00
-1.000000000000000021e-02,-3.636260910362512037e-03,8.366577621292029367e-05,5.459482332397389115e+00
-1.000000000000000021e-02,-3.717121696621341655e-03,7.238979818540934293e-05,5.457407399456803532e+00
4.009692407113915960e-03,1.514650350595827524e-03,6.257298582659233908e-05,5.454579450069344304e+00
1.000000000000000021e-02,4.494825334349229762e-03,6.612334841618101476e-05,5.452030192171777756e+00
7.579721332743181083e-04,-3.851260214356117071e-04,3.702306659705411896e-05,5.449773716173007543e+00
-1.000000000000000021e-02,-4.251026655102246518e-03,4.914030405296580237e-05,5.448420190181013645e+00
-1.000000000000000021e-02,-3.181457622977134237e-03,2.422810589548588780e-05,5.446548463557411957e+00
6.924130684295820006e-04,1.514880774328516153e-03,1.708198240979344977e-05,5.445442692672385121e+00
1.000000000000000021e-02,5.482930025019497333e-03,2.655207166371127017e-05,5.443947479625590447e+00
4.269378431013483473e-03,1.806310805887107796e-04,-1.402732485584808453e-05,5.442659507748329517e+00
-1.000000000000000021e-02,-4.723336495390043077e-03,-4.878913371872622134e-06,5.441582287335018364e+00
-4.296793012667935417e-03,-1.330628265664796517e-03,-2.744839614050594595e-05,5.440944403251502415e+00
1.000000000000000021e-02,3.998887237959744372e-03,-2.847823457862441257e-05,5.440107935714790344e+00
1.847778337058045544e-03,6.773517895741876889e-04,-5.638909101906398820e-05,5.439449289539824761e+00
-7.212110253817908406e-03,-1.914141365080706614e-03,-5.407904228731030615e-05,5.439103124575075832e+00
-2.119911563510590497e-04,-5.595452352687533149e-04,-6.380968174789626666e-05,5.438667491418059718e+00
4.962942837419977681e-03,7.958043216114037404e-04,-6.576134499885600388e-05,5.438444167818242470e+00
-9.491353494809085531e-04,3.288867887132136312e-04,-7.053833339087027087e-05,5.438213580628125321e+00
-6.184975906312486539e-03,-5.794808452182629481e-04,-7.080511910239584389e-05,5.438121687070934129e+00
-3.258174960003520654e-03,-9.220387049487930491e-04,-7.279866764900958128e-05,5.438077130302852780e+00
8.489222804447886170e-03,3.858681998808200517e-04,-6.920113196727898654e-05,5.438145407606850945e+00
5.142136877320202006e-03,1.127963882902992309e-03,-6.640619998766179410e-05,5.438303594705844013e+00
-1.000000000000000021e-02,-7.144998004177074600e-05,-6.133394281668658307e-05,5.438560606952288268e+00
-8.752175121932310661e-03,-1.210118858040643355e-03,-5.514467734096638866e-05,5.438903676346456884e+00
1.000000000000000021e-02,5.451341099261782560e-04,-4.136102544556455925e-05,5.439528553251349763e+00
-4.448308049935464394e-03,1.651156036448058742e-04,-3.037727731802425117e-05,5.440202648283242404e+00
5.702953357042066240e-03,-1.714635969580134386e-04,-1.317383786510128355e-05,5.441186144493129540e+00
7.484676618878531758e-03,3.882102859262438342e-04,8.878035596437978622e-07,5.442079930996108317e+00
-1.000000000000000021e-02,-2.778497282838534601e-04,1.383567654727286244e-05,5.443058723266350540e+00
1.592433668346583025e-03,8.266994162267569664e-06,2.400331391049377369e-05,5.444077761464287235e+00
-8.010831242066901404e-04,1.464479784981904758e-04,3.576521905993050127e-05,5.445400693472139508e+00
-8.531444678138434519e-04,-1.455723959397535938e-04,4.368384392061357559e-05,5.446742996817725668e+00
6.817638394875182896e-03,1.729479849863735071e-04,5.024232531963724756e-05,5.447866366000368110e+00
-1.000000000000000021e-02,-5.587603010162586146e-05,5.153992328751889028e-05,5.449259015162838615e+00
9.611732479992699668e-03,7.728943255097624990e-05,4.892870416887213427e-05,5.450833849781919760e+00
-1.000000000000000021e-02,-2.102664808496775963e-05,4.460853482994178536e-05,5.452114677728881809e+00
4.451196372760491890e-03,5.575575008333992635e-05,3.661040230406805324e-05,5.453611683279714129e+00
-4.440492433272468994e-03,-3.904764964562177290e-06,2.816432124729224961e-05,5.454755925709914521e+00
-5.268318508374265127e-04,4.689094926435969702e-05,1.538862469742288252e-05,5.456237010965190315e+00
1.230720124906660136e-03,-5.022797063383980408e-07,6.078832269882799116e-06,5.457191805682700014e+00
-1.288362006537293854e-03,2.924231599507218251e-05,-2.538612113059958002e-06,5.458052314286362616e+00
2.933215501778556073e-03,2.425082440641999852e-05,-1.288735016575126911e-05,5.459112830348120227e+00
-2.228813655489632686e-03,2.705479726293749792e-05,-1.857766790685467601e-05,5.459757427551301667e+00
1.124728042135393017e-03,1.017625883078475425e-05,-2.302447424256607710e-05,5.460404421979540679e+00
-1.183438900753301139e-03,2.454085563152308058e-05,-2.544501863445016492e-05,5.460904813675863778e+00
9.291236728944263917e-04,4.629975441549936873e-05,-2.539024831485730592e-05,5.461334958011170748e+00
-6.515322378717232094e-04,2.822623146579539290e-06,-2.258292723828614058e-05,5.461558286819341745e+00
-3.772550689181429539e-04,3.699687001220864778e-05,-1.865500608160317771e-05,5.461746950951102519e+00
8.338693889268800627e-05,-1.510818885229067317e-05,-1.451508006736812302e-05,5.461827708486160837e+00
-2.450531416674897101e-04,5.171269527651182877e-05,-8.885930092453410190e-06,5.461841969288879106e+00
5.324351412718113545e-04,9.850258010748991731e-06,-3.199471486941669966e-06,5.461776298078568459e+00
-3.844082507445661522e-04,1.864500423101401585e-05,2.093240310920551630e-06,5.461642646761058373e+00
3.403072270647168889e-04,5.611265017327558237e-06,6.684189562370422258e-06,5.461533024454321428e+00
-1.615850383545255344e-04,4.460173899182801949e-05,1.001028140250630355e-05,5.461214648858356391e+00
-7.150100551359710688e-06,1.013446325534200684e-05,1.261177698745807177e-05,5.460965350689787279e+00
1.569333575766553208e-04,2.413234984734075229e-05,1.325951111398101644e-05,5.460657992858570786e+00
-4.166387113421310775e-04,4.192392972858972091e-05,1.253034514286586649e-05,5.460333884016757011e+00
5.824222447713599477e-04,7.053719725349922218e-06,1.109550774668075937e-05,5.460015609212908849e+00
-6.560246756053878837e-04,3.916621013374611463e-05,8.861260507217752020e-06,5.459697033935042576e+00
3.985235556814541039e-04,1.157914220453734755e-05,5.627485966891746155e-06,5.459333331871518702e+00
1.174151074116313741e-04,2.935122491569176095e-05,2.665740196103532271e-06,5.459036617367734934e+00
-2.073400492776142194e-04,5.368369869162302520e-06,-2.088658743358871087e-07,5.458756557105594709e+00
5.891398128084823294e-04,2.675451418129911943e-05,-3.045022340424983750e-06,5.458459063941462297e+00
-4.271497186678509641e-04,3.262049855954467101e-05,-4.920283244780127428e-06,5.458229979744706029e+00
-1.766142012857571458e-04,1.300239480625349771e-05,-6.287240033531381438e-06,5.457993932637420720e+00
2.936585053007775923e-04,3.002826073002233772e-05,-6.708172300946526595e-06,5.457820399964754543e+00
-4.943010018150875186e-04,2.128564137593271776e-05,-6.534137651103879418e-06,5.457673290772612873e+00
5.329777680162807972e-04,1.979414497110302770e-05,-5.775357696600851789e-06,5.457552499401048252e+00
9.666603620271472109e-05,4.245886352637238893e-05,-4.180610008677411351e-06,5.457430782302481020e+00
-1.095982707548105836e-04,1.341127636661031080e-05,-2.985282277276376272e-06,5.457375898966645877e+00
1.570325699768819732e-04,2.580271903206501983e-05,-1.463671470772485275e-06,5.457330261640552571e+00
-4.572125074060435726e-05,3.293981291115536623e-05,4.545110213620525430e-07,5.457299648301053629e+00
1.021704056295787667e-05,1.961509324758301299e-05,1.486412766482776178e-06,5.457296346711545176e+00
4.102007638023079779e-05,2.680487040881114757e-05,2.474402049595106816e-06,5.457306489908777536e+00
-8.583305613515963405e-05,1.411641320443091202e-05,3.200422843287731431e-06,5.457334883371785850e+00
8.241650300480370778e-05,3.345715167676014269e-05,3.456668495989457768e-06,5.457370916598420330e+00
-9.520536891968782922e-05,1.018905554700853829e-05,3.363905063391069542e-06,5.457415679321100832e+00
2.816712272895953621e-05,2.686486802031156550e-05,2.921855899445955368e-06,5.457476458369476369e+00
-9.520158762943083141e-06,5.522882678055425753e-06,2.299077919672086113e-06,5.457533454713951571e+00
-7.900025907399231681e-05,3.274841082924951128e-05,1.580370477406501162e-06,5.457592523461787692e+00
1.435432415240210429e-04,1.352349212587072733e-05,7.890662314809528221e-07,5.457653328069520526e+00
-2.972194277315929643e-05,2.476877418723691553e-05,-8.389297750894931997e-08,5.457723161291771596e+00
-3.565133414246162607e-05,2.231224161127504332e-05,-7.301568159344072102e-07,5.457781291218176456e+00
6.300941255723302458e-05,2.301514709453976077e-05,-1.236007119589744353e-06,5.457837448016722881e+00
-5.544944435601655876e-05,2.337655031117954113e-05,-1.578124153316427821e-06,5.457890142072630013e+00
5.664208022852456584e-05,2.062840420723697636e-05,-1.743000550820662655e-06,5.457939043467407103e+00
-5.422673010562378113e-06,2.245590348838294228e-05,-1.722987227584485131e-06,5.457989825715667820e+00
-2.047016748826042867e-05,2.148304123676073813e-05,-1.547234921141135305e-06,5.458028094017091547e+00
1.999416615751424967e-05,2.097928772583018152e-05,-1.256475249617533880e-06,5.458061539392159212e+00
-1.430228449201392387e-05,1.920397501301814022e-05,-8.932930401628819377e-07,5.458089990023991867e+00
4.332091113704569466e-06,2.282992666455627438e-05,-4.926247633019544273e-07,5.458113584042862065e+00
-1.649754354362312921e-06,1.824665343543853765e-05,-1.015008258682761007e-07,5.458132296967209918e+00
-5.996919967374337986e-06,2.190951718557439593e-05,2.515758363944023263e-07,5.458146379678939120e+00
2.948535823740058456e-06,1.951618016152928119e-05,5.410370211876884451e-07,5.458156305028614597e+00
-3.660595686071235858e-06,1.172176542270561516e-05,7.197092133985668348e-07,5.458161515340274050e+00
-1.058685911290345056e-06,3.295544624235914393e-05,8.631369223542678674e-07,5.458164535172856269e+00
-2.336016759363760071e-06,1.447146387817752445e-05,8.995771660799961233e-07,5.458164341076886750e+00
-3.862541223840126246e-06,2.994572553788780070e-05,8.718617659695258459e-07,5.458163728936468395e+00
-1.898492070065484269e-06,1.960310557202650183e-05,7.523353369260274991e-07,5.458155970271000967e+00
-2.107408998226772810e-07,1.258353949573509469e-05,6.201421916938353391e-07,5.458150006429928425e+00
-1.924694042302132162e-06,2.433466558921123279e-05,4.363737388528097017e-07,5.458141374888439756e+00
1.880855540750580290e-07,8.100352477180339101e-06,2.247710790795975557e-07,5.458131447757153865e+00
2.681260837421604000e-08,1.883157263922323701e-05,6.407773566507890606e-08,5.458122525996692787e+00
-4.570683049407498180e-06,1.956595508032902915e-05,-1.179790432984968303e-07,5.458111289698218904e+00
2.405103069627591776e-06,1.302877092326918810e-05,-2.461002591928501850e-07,5.458101698429221216e+00
-2.096639425980057081e-06,2.026766431013064156e-05,-3.607042209702326743e-07,5.458090052141300497e+00
-4.487686154637287470e-07,1.039712567857496101e-05,-4.257142843953871918e-07,5.458080564974755688e+00
-4.771985589549420017e-07,2.329206897681594795e-05,-4.536079988313234909e-07,5.458069485197101223e+00
-1.635474435300365044e-06,1.219120253847015575e-05,-4.509230642153976341e-07,5.458060534242586748e+00
-2.166479176554482786e-06,2.576333950247653378e-05,-4.118939197508056564e-07,5.458052104649133263e+00
-7.650243992545981722e-06,1.794034577521670462e-05,-3.489068309801773755e-07,5.458042721982368839e+00
4.907147554533319385e-06,1.145016954961464400e-05,-2.771507501926882274e-07,5.458035574459072947e+00
2.018759206847716911e-07,5.333547250443341208e-06,-1.951329779552283305e-07,5.458028985269123723e+00
3.934314257837935086e-06,1.063335194974019985e-05,-1.050357708322892547e-07,5.458023039500962348e+00
-7.350745217931419242e-06,2.668207423931038096e-05,-1.236937698329795704e-08,5.458017733548095940e+00
1.176579682241450805e-05,-7.909760822653428777e-06,5.277610212979935033e-08,5.458013129760759696e+00
-9.318211256240417764e-06,2.534478052272922619e-05,1.313911375035490789e-07,5.458009235621508637e+00
7.398807455956105210e-06,8.152233767525457573e-06,1.803900343656889853e-07,5.458005596281216398e+00
-1.287099270601480497e-05,2.524916576578264301e-05,2.190142432418920556e-07,5.458003321836963018e+00
9.024173537221001027e-06,8.993496535799413796e-06,2.322162459092255291e-07,5.458001274866829178e+00
-1.101411624095074681e-05,2.483089956732141126e-05,2.372609416852477954e-07,5.457999558460948641e+00
2.949753654951543181e-06,1.650258534195780141e-05,2.256134412375565658e-07,5.457998824831888030e+00
4.343567131239624454e-06,1.171167374300625467e-06,2.027437765800427759e-07,5.457998399948102985e+00
-6.453620441907568128e-06,2.614955163818709138e-05,1.794052488829215583e-07,5.457998265187569586e+00
1.011015415236290016e-05,-3.839534646701397427e-06,1.280857304978044655e-07,5.457998526187014754e+00
-4.623453079077354878e-06,2.394259922557393613e-06,9.702935196341668130e-08,5.457998989330548945e+00
3.654242398601068080e-06,2.290668408202034325e-05,5.980553019703812971e-08,5.457999846519546949e+00
1.936336687880135034e-07,1.644724646788206660e-06,1.804359578814073092e-08,5.458000722192795529e+00
1.344858768803728353e-06,1.044163194075548259e-05,-1.035924478884322837e-08,5.458001744400456268e+00
-1.027993958616256326e-06,1.668737838105170535e-05,-4.616410305658456570e-08,5.458002680583218691e+00
2.920647975098252543e-06,3.820938318892936628e-06,-7.419306832042581733e-08,5.458004486856041559e+00
7.123264754526373055e-07,1.062094273730908883e-05,-9.088226765700094195e-08,5.458005845033413905e+00
-1.430028626888040717e-07,1.151545937173908560e-05,-1.046172329036644030e-07,5.458007261960063694e+00
2.452865944987885604e-06,7.765535432368389252e-06,-1.150472940694814696e-07,5.458008719613210324e+00
-4.834176072270353215e-08,9.199605885034004181e-06,-1.183337319109658920e-07,5.458010192167606967e+00
-2.848523490243192794e-07,1.325198733493475118e-05,-1.157535560455939666e-07,5.458011681588875952e+00
2.407106804130088921e-06,6.381470841938274715e-06,-1.129530341807194920e-07,5.458013156002042621e+00
-1.808551701439931345e-07,1.002273488590071536e-05,-1.024127747686975463e-07,5.458014619877781470e+00
-6.275125013969098506e-07,1.372127248768380045e-05,-8.850632790343478695e-08,5.458016061457479751e+00
7.064926660682981771e-06,-1.921382039570866009e-06,-7.936759246089660870e-08,5.458017465800015344e+00
4.096022596769993243e-06,-1.270812129138676898e-06,-6.510387079197575614e-08,5.458018482910143021e+00
-2.563061767868487849e-06,1.359885710819510323e-05,-4.197782946876060831e-08,5.458019788199862887e+00
1.135192292562563520e-05,-4.574825276036690516e-06,-3.379404729498575843e-08,5.458020718183104414e+00
-2.293788646171029994e-06,8.869142977072195868e-06,-1.190657717025239437e-08,5.458021903293877486e+00
-1.307849060073957582e-05,2.160964167811378739e-05,7.074392339675265116e-09,5.458022753884018918e+00
1.429392174822157637e-05,1.161789685746541168e-06,1.441683188829234734e-08,5.458023805426488018e+00
4.297919374770283444e-06,-6.637915435386280681e-07,2.472365759376177467e-08,5.458024539833395750e+00
-1.082064634836744140e-05,7.080832733186876728e-06,3.746357374597564004e-08,5.458025234709414697e+00
6.947823332155056299e-06,1.221512394984899521e-05,4.864137473089073300e-08,5.458026086951608846e+00
5.613374610609233872e-06,5.007538508845965950e-06,5.216193828584178408e-08,5.458026670712171402e+00
-1.056301165034577625e-06,1.448470904990168700e-06,5.521705495459902580e-08,5.458027203369054448e+00
3.712319980355618808e-06,4.468860285712266971e-06,5.933522983943884538e-08,5.458027690194605874e+00
4.355581380203492114e-06,5.351273284254075985e-06,6.103640821303342086e-08,5.458028131671769145e+00
4.016028330385079204e-06,-2.966166011690585353e-07,6.058131745626585451e-08,5.458028400937248392e+00
1.577063163954064666e-06,3.289355243490710079e-06,6.060480261366819910e-08,5.458028768580391876e+00
1.343683115374781158e-06,8.448482716589110638e-06,5.989790807763554117e-08,5.458029093073754723e+00
5.150679799992432685e-06,2.213841261943948285e-06,5.355865246105742212e-08,5.458029376922870490e+00
8.318745827857160051e-06,-5.397504216280715651e-06,4.880668674848197481e-08,5.458029543792570770e+00
3.162535006250258357e-06,-4.295078833133616746e-07,4.471188999578470245e-08,5.458029761875036634e+00
-3.384325066755099187e-07,5.866918823768212178e-06,4.417794595980682048e-08,5.458029884500677831e+00
2.236223709437917520e-06,7.641703298061830793e-06,3.794627363088698592e-08,5.458030038249992444e+00
5.503994512716955523e-06,2.066917948949092744e-06,3.209426167001647802e-08,5.458030120783053718e+00
6.270844168441449306e-06,-2.287463156769096477e-06,2.635988260375651975e-08,5.458030188219583856e+00
-1.062141939023620943e-06,6.283470087189977288e-06,2.123478739553091483e-08,5.458030262173428682e+00
9.045561891636551175e-07,6.234918672115307636e-06,1.687467141262045512e-08,5.458030294049072140e+00
8.527662473186613462e-06,-6.483732179187846299e-07,9.841007098276469128e-09,5.458030313317619786e+00
7.816933549419037477e-06,-2.065424492547770348e-06,4.656075202347895542e-09,5.458030319364105765e+00
1.545563358963600280e-06,1.537411820533614860e-06,1.375861081893445886e-09,5.458030313243810383e+00
-5.246656469769877406e-07,4.476454347217971149e-06,-1.966464659859851954e-09,5.458030295730069703e+00
3.879577912748668293e-06,3.012322743536425927e-06,-6.830783577291094423e-09,5.458030267286789083e+00
8.714996110076135625e-06,-1.336662010202972909e-06,-9.225619193010838731e-09,5.458030249298458259e+00
8.104277860926825363e-06,-2.100390541250266188e-07,-1.319249551045451315e-08,5.458030205288850745e+00
7.995809672317082228e-07,3.974110029467809151e-06,-1.583640748276336874e-08,5.458030152092780085e+00
1.252542614757329906e-06,2.333153383377436552e-06,-1.728322505941764955e-08,5.458030122233751058e+00
2.571832186465521430e-06,2.287398473556494480e-06,-2.113856947870667198e-08,5.458030056214305148e+00
6.120534761764561889e-06,2.277197989600592887e-07,-2.276668658480905040e-08,5.458030020242111036e+00
6.184221479522875664e-06,1.482295239969803140e-06,-2.594095700366080030e-08,5.458029942619591068e+00
6.470110315995670649e-06,8.247627309321686903e-07,-2.707691441505974358e-08,5.458029901118797156e+00
1.921044657556339294e-06,3.105408422530491446e-06,-2.958762382174996561e-08,5.458029813125988561e+00
2.446551942874493707e-06,2.410174803020205542e-06,-3.069508879201696569e-08,5.458029766831731244e+00
4.388317208848907153e-06,1.311457960043403692e-06,-3.198133638630703247e-08,5.458029719076834319e+00
7.479253154569674352e-06,-7.074430729666406834e-08,-3.336377005975553372e-08,5.458029670048043513e+00
9.800638320726360304e-06,-8.013526444413582911e-07,-3.455867996389669220e-08,5.458029619709822811e+00
1.047079721054316456e-05,-6.646023740774923886e-07,-3.547005972144570970e-08,5.458029568145851940e+00
9.281324752116596179e-06,2.704769219425110026e-07,-3.611560286897013721e-08,5.458029515425094402e+00
6.876705463246471096e-06,1.643900868950438539e-06,-3.661473172224053365e-08,5.458029461646801472e+00
4.299756394377320043e-06,3.027271227119182333e-06,-3.711583777336692588e-08,5.458029406922767279e+00
2.527678334411455920e-06,4.072864183356723468e-06,-3.774312400272314049e-08,5.458029351371375348e+00
2.074193361574053217e-06,4.611050922594757150e-06,-3.856374414904757507e-08,5.458029295104981138e+00
2.848481955199390072e-06,4.661771268560449885e-06,-3.958186321667060043e-08,5.458029238222124491e+00
4.282087512894197924e-06,4.380084258355823365e-06,-4.075221029315807724e-08,5.458029180805775482e+00
5.898725949867930900e-06,3.993286058256606500e-06,-4.201549079290040175e-08,5.458029122198802874e+00
6.809586008375360166e-06,3.667490028854103418e-06,-4.327963435181257061e-08,5.458029063327323627e+00
6.518698730159366071e-06,3.495952170679912497e-06,-4.451541603994852771e-08,5.458029004726239641e+00
5.338775553223643136e-06,3.498002624611861448e-06,-4.570196785649547718e-08,5.458028945933532050e+00
3.822626448894975704e-06,3.618109214937115641e-06,-4.684828059189571826e-08,5.458028887057296608e+00
2.199573983070616122e-06,3.768038411591575292e-06,-4.799341657455173764e-08,5.458028827461120613e+00
1.339411550681124192e-06,3.864461908517752604e-06,-4.914247592975915471e-08,5.458028768167260125e+00
1.726630235227780926e-06,3.852742119331484205e-06,-5.029061242530061507e-08,5.458028709768850462e+00
2.909913583806788839e-06,3.721814128716299439e-06,-5.145371452452871296e-08,5.458028651791693164e+00
4.305283087691162206e-06,3.498559092283861173e-06,-5.262016703785983924e-08,5.458028594312800408e+00
5.289912070904028851e-06,3.226254171120494477e-06,-5.377161830041661690e-08,5.458028537408790903e+00
5.516871906609749385e-06,2.951002515869014417e-06,-5.488497932702013907e-08,5.458028481170718926e+00
4.999868808346160039e-06,2.705459404988884592e-06,-5.593937131773918907e-08,5.458028425707800224e+00
4.057168295684232118e-06,2.501838272799035660e-06,-5.691893863736778354e-08,5.458028371148824220e+00
2.955118458496912010e-06,2.262546123919860905e-06,-5.785902982494187946e-08,5.458028316918728251e+00
2.267809356417713632e-06,2.049045211787833378e-06,-5.870619623368144068e-08,5.458028264015586828e+00
1.950464307428896420e-06,1.837305832779876311e-06,-5.946726482900480108e-08,5.458028212309662841e+00
2.253398090769144828e-06,1.654541300240344218e-06,-6.011862129648954863e-08,5.458028162229615177e+00
3.233523064167213896e-06,1.538299263313572580e-06,-6.062273655760885148e-08,5.458028114303055567e+00
4.311753652906127855e-06,1.433764445090368277e-06,-6.100488283599474949e-08,5.458028068104410657e+00
5.076595531222695773e-06,1.315521499155436159e-06,-6.127003029484778325e-08,5.458028023719169397e+00
5.264816214925594116e-06,1.166236449747173191e-06,-6.142484997524343150e-08,5.458027981245165527e+00
5.171445328321757583e-06,9.522592332664817554e-07,-6.148838624645512671e-08,5.458027940225930408e+00
4.747836700616198075e-06,7.237512609615798302e-07,-6.141711808163669586e-08,5.458027901467720433e+00
4.026819525581048217e-06,4.688573367098252586e-07,-6.123876487957219523e-08,5.458027864913596261e+00
3.442621129377301262e-06,2.549852366221107719e-07,-6.090439745336199529e-08,5.458027830911259315e+00
3.233636972871171815e-06,1.396316672602489927e-07,-6.040106042063462132e-08,5.458027799895681653e+00
3.245925092157527892e-06,2.111820230456318573e-08,-5.975307117941092064e-08,5.458027771153019181e+00
3.572248654953635819e-06,-6.159481060910757535e-08,-5.894992869600668027e-08,5.458027745320005231e+00
4.188363493734887502e-06,-8.385549648535358926e-08,-5.798986676228902350e-08,5.458027722742387233e+00
4.777334937565886598e-06,-9.365016901786929733e-08,-5.688577164209276361e-08,5.458027703190869495e+00
5.139632792111619714e-06,-1.111467108556778609e-07,-5.565082731305122861e-08,5.458027686742031648e+00
5.386592430725126359e-06,-1.517226355556032555e-07,-5.428579517087959763e-08,5.458027673226604648e+00
5.349159757505496546e-06,-2.092877914554910118e-07,-5.279700116810550371e-08,5.458027663043577782e+00
5.061186091704061807e-06,-2.819310493403391923e-07,-5.120667629529051427e-08,5.458027656246324355e+00
4.701849368042426996e-06,-3.418161405176290338e-07,-4.949814741325295701e-08,5.458027652975544264e+00
4.279745683386048489e-06,-3.871322622892065879e-07,-4.768768758572938373e-08,5.458027653317529371e+00
4.081454010307156643e-06,-3.948533261897972269e-07,-4.576952189242832321e-08,5.458027657373644814e+00
4.236548791849001951e-06,-3.498240544124455217e-07,-4.376867096734105394e-08,5.458027665258336825e+00
4.636123700694497944e-06,-2.715220972337803214e-07,-4.167783210067626197e-08,5.458027677000053757e+00
5.168742218204589584e-06,-1.630838467148180164e-07,-3.948054895124508114e-08,5.458027692762323468e+00
5.590671678295956348e-06,-5.275875204185990818e-08,-3.722342346506913172e-08,5.458027712505177931e+00
5.739122791482482687e-06,4.010385745507157804e-08,-3.495840528303999123e-08,5.458027736208188152e+00
5.631181353160987917e-06,1.217309102755927153e-07,-3.266891845598200894e-08,5.458027764035176865e+00
5.370235999047244628e-06,2.017760674350159761e-07,-3.036542861814001978e-08,5.458027796067245418e+00
5.076611167167393383e-06,3.153514710549495325e-07,-2.801227234614679709e-08,5.458027832748929775e+00
4.919745589266749923e-06,4.466747986974146915e-07,-2.566189517029076749e-08,5.458027873766260640e+00
4.995659675162493768e-06,5.773640278915315316e-07,-2.335756451680543965e-08,5.458027918970324244e+00
5.257256200412768453e-06,7.182803969131783895e-07,-2.108105206456276898e-08,5.458027968737891200e+00
5.600376992766797923e-06,8.710593175505235880e-07,-1.884403479503662949e-08,5.458028023162792230e+00
5.989938247311554350e-06,1.078873506073939396e-06,-1.660856443633505667e-08,5.458028082980411533e+00
6.237584561052515628e-06,1.295033034925162913e-06,-1.443962816865110832e-08,5.458028147542224318e+00
6.231772750687819373e-06,1.481023130551928503e-06,-1.239054879654113932e-08,5.458028216546262357e+00
6.145959973342819293e-06,1.715574865577006382e-06,-1.038663816094355675e-08,5.458028291441272550e+00
6.000223376831323711e-06,1.938268318966811656e-06,-8.499968847549377355e-09,5.458028371392974698e+00
5.837101710016042003e-06,2.105179881371878328e-06,-6.776892974433746347e-09,5.458028456034865528e+00
5.719615378155967494e-06,2.319008877284819131e-06,-5.139099940193887318e-09,5.458028547194077262e+00
5.737725797524009748e-06,2.528079631428742986e-06,-3.657865261788085190e-09,5.458028643841282168e+00
5.886025760940910784e-06,2.753539672822784829e-06,-2.307452386417975861e-09,5.458028746709016943e+00
6.128159858576460883e-06,3.027730992302638962e-06,-1.090884685869615542e-09,5.458028856634213000e+00
6.458269434793315327e-06,3.305241801956714017e-06,-4.102562086561407118e-11,5.458028972977730930e+00
6.799777586207934204e-06,3.581952241761535181e-06,8.283077533744997625e-10,5.458029095950716503e+00
6.963951429060115240e-06,3.758706780313330760e-06,1.447002257411072132e-09,5.458029224267415103e+00
7.014591854407022231e-06,3.906231520065786469e-06,1.865115261365280053e-09,5.458029359958637805e+00
-6.452745853673688990e-07,-7.093176416700703891e-06,1.975435327102634918e-09,5.458029651380821079e+00
6.698705840228985965e-06,4.071749305212905902e-06,1.975435327420352923e-09,5.458029651380821079e+00
6.474706504285272131e-06,4.171300212615053186e-06,1.711028826912782656e-09,5.458029809903880647e+00
8.967395792815286031e-06,7.518285553088122006e-06,2.467351767728383357e-09,5.458029976458704802e+00
1.131510694220790114e-05,1.059652529461479574e-05,3.075231368411700770e-09,5.458030151670765662e+00
1.102552359143864391e-05,1.039918185512024843e-05,2.203123475711150343e-09,5.458030335080307438e+00
9.238231705539334720e-06,8.502732830292509918e-06,3.821243675554814194e-10,5.458030525484658391e+00
6.732490559486293129e-06,5.783211268390354038e-06,-2.135302363460183383e-09,5.458030725167327013e+00
4.105261825944982366e-06,2.882958678054522238e-06,-5.102926440382901222e-09,5.458030937426731732e+00
1.914736194073324958e-06,2.991305021666439124e-07,-8.368018290539224412e-09,5.458031162931213487e+00
9.770207815834422470e-07,-1.248176635710115809e-06,-1.157452770619786853e-08,5.458031400827398905e+00
1.671058123359849669e-06,-1.411578847627354943e-06,-1.453022396754128421e-08,5.458031651930376427e+00
4.030414222951726761e-06,-1.160350470908245552e-07,-1.712258718560610572e-08,5.458031916859845012e+00
7.390645203905490699e-06,2.432856063002691448e-06,-1.931476040836137751e-08,5.458032192782338754e+00
1.035142576879327006e-05,5.257300732333522772e-06,-2.139434844179252761e-08,5.458032480340267334e+00
1.175931132342640983e-05,7.284888491912697679e-06,-2.387230088239362138e-08,5.458032782065989075e+00
1.234753858932592478e-05,8.852308445257051596e-06,-2.668791935171606932e-08,5.458033102048897689e+00
1.195059287323301481e-05,9.669977924666368996e-06,-3.000750104371224981e-08,5.458033440116964563e+00
9.970135498097033839e-06,8.767463844841191008e-06,-3.419474310069538623e-08,5.458033790064695800e+00
7.388152690344702556e-06,6.589556782382224160e-06,-3.910773951008969421e-08,5.458034153219355922e+00
5.402242262331080528e-06,4.154524701252469519e-06,-4.446897330320004328e-08,5.458034533613361106e+00
3.839269701648689933e-06,1.583625998820100305e-06,-5.023453039444437909e-08,5.458034937236677209e+00
3.793818497907095280e-06,-1.391360802302621232e-08,-5.599033208312946818e-08,5.458035359848181223e+00
5.657132964567292851e-06,-5.998498804915550596e-08,-6.118437162916231849e-08,5.458035799701912438e+00
8.194100260064276801e-06,3.647356807035087416e-07,-6.631975219803105011e-08,5.458036266590916341e+00
1.037384700630423660e-05,1.158094468499156328e-06,-7.137519394679116821e-08,5.458036754712511929e+00
1.225209945267016495e-05,2.244477904958748717e-06,-7.620359748142727504e-08,5.458037267387131131e+00
-3.786877130403329088e-06,-1.968800413545685111e-05,-8.632493233421073794e-08,5.458038366803725339e+00
-1.548916459291224745e-06,-3.804488260822922932e-05,-5.652588881791123001e-08,5.458042964200841674e+00
-5.341657995929385789e-05,-3.416529423921073718e-05,4.416596595735074196e-08,5.458047083621088369e+00
2.620199646635902393e-05,-3.062816416978117532e-05,1.108655641778527403e-07,5.458050159210878327e+00
-9.270477899708596582e-05,-1.018030323852841627e-05,1.970245911477669137e-07,5.458053129118981772e+00
1.148580795418604745e-04,-1.416820671002265657e-05,2.384828070757353004e-07,5.458054845194670435e+00
-3.618960338766242764e-05,1.269487800856498627e-06,2.493593680884107988e-07,5.458055753854528902e+00
-8.523312868510349587e-05,-1.380528968459945627e-05,2.456605436862160678e-07,5.458056351235425652e+00
3.399625419395398704e-04,-1.000255100819950496e-06,2.446505970943416880e-07,5.458056450065456033e+00
-3.236689882542328339e-04,3.962937061497587250e-06,1.942392746638623217e-07,5.458056191986851324e+00
1.453372208369308491e-04,-8.136221505018079601e-06,1.742708150373085752e-07,5.458055636957543477e+00
8.842827827076404424e-05,-8.303695947986488898e-06,1.263366608294172948e-07,5.458054829555250009e+00
-4.991032047815576866e-04,2.206941663768089515e-06,7.546294299670727574e-08,5.458053799018591334e+00
7.607841779666624834e-04,-3.696152738178875305e-06,6.493025701061948262e-08,5.458052583341503450e+00
-5.590668488918744275e-04,-3.694874136828416188e-06,-2.368569979115497895e-08,5.458051245124084794e+00
-3.410831648562460050e-04,-7.616609395272482390e-06,-4.065374887391836230e-08,5.458049754836663325e+00
1.486546360191236694e-03,-5.123929220767281288e-06,-2.443533937190754591e-08,5.458048627371644201e+00
-4.458334825745743479e-04,-4.289693883653294201e-06,-1.309117599140113369e-07,5.458047312971245901e+00
-2.367309562875687199e-03,-4.257652779346404111e-06,-1.823843638285442764e-07,5.458046235428889226e+00
1.915818039299221984e-03,-3.719829673689203507e-06,-6.872332911064198633e-08,5.458045294766377786e+00
2.898099972428701265e-03,-1.536125704528798499e-06,-8.781516333687976485e-08,5.458044203871577515e+00
-4.176733560814324848e-03,-1.039066140490649261e-06,-2.812572521342323315e-07,5.458044838267571031e+00
-2.444603920517587990e-03,-4.297108320763647229e-06,-1.806126986814423938e-07,5.458044524978627798e+00
6.970102637122036274e-03,-8.388283615116751818e-06,3.344253064231011927e-08,5.458046400460628611e+00
1.003992866312282794e-05,2.355947127768683383e-06,-1.726771625577843086e-07,5.458050276572381954e+00
-9.351439135668736247e-03,4.345227526314278477e-06,-2.815380472668219177e-07,5.458054824368238300e+00
7.117516840400380310e-03,-1.417803111106350071e-05,1.448755584341181145e-07,5.458067747945912096e+00
1.000000000000000021e-02,-1.376860310910374961e-05,2.714961108642056800e-07,5.458072202689552732e+00
-9.703763746193595427e-03,1.883724792675126172e-05,-3.548297074238542851e-07,5.458127314116244300e+00
-7.874448477279612571e-03,-6.486473802409336409e-06,2.201788433835731812e-08,5.458143694868990536e+00
1.000000000000000021e-02,-3.587809837158158948e-05,4.058386864643945329e-07,5.458178267196318600e+00
1.000000000000000021e-02,-5.644127193806405600e-06,6.275598940872297047e-07,5.458184206114149006e+00
-1.000000000000000021e-02,4.151755960108347157e-05,1.999921631859741940e-08,5.458224857190490553e+00
-5.120491778075636491e-03,-3.282889837481375416e-05,6.582929348309683348e-07,5.458238917916755639e+00
1.000000000000000021e-02,-5.522128647511322238e-05,9.679507082339327216e-07,5.458272317260063566e+00
4.009240144541143663e-03,4.464203866315577681e-05,1.147166341151740642e-06,5.458284983893519460e+00
-1.000000000000000021e-02,5.895260280107796156e-05,7.134690515461002406e-07,5.458312434311781480e+00
-2.865817010376722589e-03,-6.948843812634689803e-05,1.476650508718677618e-06,5.458326480055734287e+00
1.000000000000000021e-02,-6.653250664629798718e-05,1.817970556802031276e-06,5.458353734939917601e+00
1.205879944103939319e-03,8.718686852260766260e-05,1.991236902513760125e-06,5.458363041043888586e+00
-1.000000000000000021e-02,6.165017361793248421e-05,1.817638936378434171e-06,5.458378034405128254e+00
3.245676689408797918e-04,-1.157202069764380874e-04,2.469958656364614244e-06,5.458391345990214027e+00
1.000000000000000021e-02,-5.776904273290940330e-05,3.061794368471445368e-06,5.458405330006367961e+00
4.574452687019211171e-03,1.122031132970028249e-04,3.293079686420918700e-06,5.458406982210351366e+00
-1.000000000000000021e-02,3.755931628380316807e-05,3.223189788542364643e-06,5.458422735399004466e+00
2.754369410050291032e-03,-1.650520213907695857e-04,3.563464456174277537e-06,5.458438585083896122e+00
1.000000000000000021e-02,-1.694995043737149173e-05,4.628308204300124016e-06,5.458444350622920993e+00
2.177025755802349492e-03,1.785510946165156775e-04,4.503616631100937785e-06,5.458446124131661747e+00
-1.000000000000000021e-02,-2.084882031309353241e-05,4.983054188586913398e-06,5.458450387272762327e+00
-5.478132735978140768e-04,-2.117349412122993045e-04,4.992360505688261740e-06,5.458455627420476297e+00
1.000000000000000021e-02,5.840160047621871455e-05,6.523954259994171796e-06,5.458456300098420755e+00
-8.627923009805725258e-04,2.342429695507175003e-04,5.800635998375110580e-06,5.458461332451461701e+00
-1.000000000000000021e-02,6.010523093099241034e-06,6.464874658884695323e-06,5.458461858503873998e+00
2.106402462324757745e-03,-2.583262033678230358e-04,6.389415577774437398e-06,5.458465398898112220e+00
1.000000000000000021e-02,4.030812741830259457e-05,8.111816752480034519e-06,5.458465055701409163e+00
3.034725597103397812e-03,2.955143399109958651e-04,7.729408996513145348e-06,5.458460426664502485e+00
-1.000000000000000021e-02,-1.065648958835841602e-04,8.686404169412747028e-06,5.458460941650795206e+00
5.086451706984925977e-03,-2.680568112309401397e-04,8.059703681005197612e-06,5.458463989908429070e+00
1.000000000000000021e-02,1.753412973172064455e-04,1.047641921113755359e-05,5.458453521442564238e+00
-1.191386872148506281e-04,3.449061971376386456e-04,9.179056337407225734e-06,5.458451781422693827e+00
-1.000000000000000021e-02,-2.604808052410994396e-04,1.096303481252559027e-05,5.458440948167807782e+00
8.265718132897960022e-03,-2.152213108356897662e-04,9.960762391793037180e-06,5.458450174865224547e+00
1.000000000000000021e-02,3.435288598239129776e-04,1.269504136758589547e-05,5.458434317234159394e+00
-2.591534255288574073e-03,3.351156716206852063e-04,1.064528149283873684e-05,5.458438673226430282e+00
-1.000000000000000021e-02,-4.361032636834691789e-04,1.288471542367862777e-05,5.458423875791567070e+00
4.017416192425945186e-03,-3.002438973735757351e-04,1.129219202081693397e-05,5.458431774261385705e+00
1.000000000000000021e-02,5.163660615619749010e-04,1.439040326285473214e-05,5.458415300407255089e+00
-5.814623372781553556e-03,2.338398146214950516e-04,1.229834163383565157e-05,5.458420085040456726e+00
-1.000000000000000021e-02,-5.964242233471008176e-04,1.404632158611696068e-05,5.458399410809946950e+00
7.450628774731953875e-03,-1.465529929187158777e-04,1.306571967803675501e-05,5.458410772911282294e+00
1.000000000000000021e-02,6.039763348111148056e-04,1.627817519196420276e-05,5.458395171025368420e+00
-1.948243208714808133e-03,3.320983313714574725e-04,1.311361958100243934e-05,5.458397149736698317e+00
-1.000000000000000021e-02,-7.094622583707683615e-04,1.561508942182308083e-05,5.458382890230367934e+00
9.738511202898940747e-03,1.182095806209162476e-04,1.471198179672663945e-05,5.458396106755825983e+00
1.000000000000000021e-02,7.898106851967902050e-04,1.651658168576215508e-05,5.458378638962081197e+00
-4.726399267404867398e-03,9.670689355623718678e-05,1.359636041246889365e-05,5.458383245091007474e+00
-1.000000000000000021e-02,-8.329452551220838065e-04,1.637815528669547076e-05,5.458370754661045154e+00
6.509346446133280548e-03,2.607637194802494771e-04,1.420027606305919861e-05,5.458375021022440876e+00
8.971460759498520177e-03,5.472747633484524197e-04,1.445002499777407765e-05,5.458361161939586204e+00
-9.334500862904302615e-03,-3.928479531392696468e-04,1.323515899748391347e-05,5.458342208949543917e+00
-7.867296973010929825e-03,-4.996032324705975075e-04,1.096597351463809530e-05,5.458319884370577135e+00
6.960892393584555346e-03,1.774000552900015834e-04,1.066767193011614768e-05,5.458316646969560537e+00
9.557297795332313217e-03,4.634957582499191447e-04,1.075839958560637126e-05,5.458303069675833008e+00
-3.568228614545472348e-03,1.815848907649701552e-04,7.897627847624356771e-06,5.458283067787326637e+00
-1.000000000000000021e-02,-4.461123105005749320e-04,7.863089632618404167e-06,5.458261208733769188e+00
1.206142245472214495e-03,-3.283240200670716033e-04,4.626950215812502222e-06,5.458266217513175533e+00
1.000000000000000021e-02,1.589584351968215375e-04,6.089491189120063540e-06,5.458271098021560519e+00
1.000000000000000021e-02,5.395734730630600846e-04,6.545473907285324482e-06,5.458258311960648257e+00
-2.209000717662512776e-03,1.241274743982160222e-04,3.205195271569614972e-06,5.458271417380316848e+00
-1.000000000000000021e-02,-3.128482545341301118e-04,4.384578087633022602e-06,5.458279481015861023e+00
1.278661830578901393e-03,-2.087020523434891166e-04,3.125802497127254686e-06,5.458259988346796376e+00
7.206004224045274749e-03,1.776415351685483408e-04,3.456600078657640762e-06,5.458238335833972776e+00
-3.164074062027626318e-03,2.490142086845784455e-04,2.153365266616742898e-06,5.458225943289794380e+00
-1.000000000000000021e-02,-1.293142906236902090e-04,2.473478008054193556e-06,5.458208896089327133e+00
4.128626833138565773e-03,-1.339143835815142949e-04,1.756014631570884778e-06,5.458201031483620014e+00
8.811418504813983699e-03,6.179484425172782460e-05,2.292019604774074398e-06,5.458193119358747403e+00
8.544583939422959904e-04,2.213699485409345601e-04,1.964685117926208632e-06,5.458176556237376964e+00
-1.000000000000000021e-02,8.883441211582018566e-05,1.761162840358713220e-06,5.458165673543983409e+00
-8.404471349102778099e-03,-2.091916375772815350e-04,1.995670845099904383e-06,5.458155977497846756e+00
1.000000000000000021e-02,-1.801349565730354430e-04,1.338055017769876010e-06,5.458169725704254738e+00
1.000000000000000021e-02,5.171412102990572221e-05,2.746273755323546736e-06,5.458162691766331065e+00
9.040104136031674618e-04,2.775525975725854646e-04,2.237012988209039715e-06,5.458172717666781359e+00
-1.000000000000000021e-02,1.438366414677657830e-04,2.356619945653891066e-06,5.458187078800830427e+00
-1.000000000000000021e-02,-1.447014121320209568e-04,3.454861129226993051e-06,5.458181478678208798e+00
7.286811420755163159e-03,-2.192361070582972448e-04,3.172749571941602122e-06,5.458197685358258333e+00
1.000000000000000021e-02,2.870232298168597627e-05,4.884301253981331047e-06,5.458196484460022369e+00
3.276497511278181861e-03,1.487945817392875457e-04,5.169361853479310970e-06,5.458190068130999606e+00
-1.000000000000000021e-02,8.840057557764227384e-06,5.605705391542980449e-06,5.458186061625581509e+00
-1.000000000000000021e-02,-1.007234608139680160e-04,6.199225219689535620e-06,5.458179592136977121e+00
6.725844165346631272e-03,-2.004780637711235075e-05,6.603821648045513574e-06,5.458201883764218110e+00
1.000000000000000021e-02,6.313279023442087338e-05,7.353783824674265739e-06,5.458203564490095694e+00
3.428170776461049452e-03,5.837674552058389751e-05,7.183447332861461176e-06,5.458197012928048153e+00
-7.447569714401564185e-03,1.314692126577510728e-07,7.356530673960028397e-06,5.458195127954463821e+00
-1.000000000000000021e-02,-2.352183649581531387e-05,7.397338037895136064e-06,5.458192076862736108e+00
-2.481861766023039408e-03,-7.095997650314347883e-05,7.218926615352051582e-06,5.458182043490754864e+00
4.312337495219119472e-03,-4.796771908008460380e-05,7.201624506893235593e-06,5.458182088068075366e+00
1.000000000000000021e-02,5.098951173610061363e-05,7.266044012105915079e-06,5.458174861413977119e+00
5.036446494283046763e-03,5.585392540152732117e-05,7.053974021175170889e-06,5.458181995688362598e+00
-1.000000000000000021e-02,-6.063117075122689145e-06,6.540795879819564620e-06,5.458213124061763288e+00
-2.955976658122631395e-03,-4.448521977629894450e-05,6.120817711238689961e-06,5.458205461107055179e+00
7.629789359941062735e-03,-2.223003706293708923e-05,5.833052395390740854e-06,5.458201039975657309e+00
6.863154297556565107e-03,2.460756480765909456e-05,5.419441042630975763e-06,5.458190978624916312e+00
-5.256473219588437065e-03,1.017427303993255646e-05,4.818480380264449709e-06,5.458193929584103543e+00
-1.000000000000000021e-02,-1.373316339895659207e-05,4.133105719584411618e-06,5.458190007651277043e+00
4.825744068715244868e-05,-3.141087134724966949e-05,3.544378842428968838e-06,5.458187497194458615e+00
1.000000000000000021e-02,-1.625803963256536633e-05,2.974908364239046194e-06,5.458185942390423762e+00
1.000000000000000021e-02,5.626958550474884221e-06,2.623198420041015794e-06,5.458181656203044518e+00
-7.070572325662299006e-03,2.084062897199053234e-05,1.623098015246890485e-06,5.458184806682889523e+00
-3.258184673141740605e-03,-5.668764169433192918e-05,8.909650300375846658e-07,5.458176159178456999e+00
7.411471967369557927e-03,-4.990376370947558973e-05,4.698387249779932479e-07,5.458175950737888193e+00
1.179034084899206400e-03,2.663503435018894789e-05,-3.301997798284233533e-08,5.458165527499316383e+00
-9.194911037804809686e-03,3.429485307152768436e-05,-7.808537773898305527e-07,5.458154989730126694e+00
-4.963133288402106665e-04,-4.181355560744876926e-05,-1.188457928141725543e-06,5.458151247393813854e+00
8.324033465735646009e-03,-6.190931505195959768e-05,-1.568489516780201600e-06,5.458149288553871159e+00
1.413075178095650822e-03,-1.555463415599238426e-05,-1.751052238309176361e-06,5.458143261810585400e+00
-6.663260612167807607e-03,2.095204266324742824e-05,-2.104284405198731702e-06,5.458139465681663971e+00
-1.570351883862527217e-03,2.704092590382302062e-06,-2.293612916998141718e-06,5.458129507138434811e+00
6.142662345899596414e-03,-2.119130815195779892e-05,-2.437340192594108110e-06,5.458120620197849604e+00
-2.830681302254348542e-03,-2.826250503885006351e-05,-2.631703274343326970e-06,5.458113221417641547e+00
-6.470623456018271755e-03,-6.767392738443490692e-06,-2.791004820097529656e-06,5.458110500592473713e+00
1.243226028564487851e-03,-1.690216126679139604e-05,-2.654516091380208298e-06,5.458100297507026077e+00
2.516993692055865227e-03,-5.073994805945432319e-05,-2.536301372752616799e-06,5.458089580150018882e+00
-4.353900738925233459e-03,-2.542635326144917644e-05,-2.548350847709431308e-06,5.458087966923446110e+00
-5.727390636825694780e-04,4.551993618859451437e-06,-2.291646948162398930e-06,5.458077515395507007e+00
4.053053167255787383e-03,6.550344701143921952e-07,-2.028187451224701982e-06,5.458069209033541647e+00
-2.628705060017774882e-03,-5.586960096376637059e-05,-1.826114155084439837e-06,5.458062240309382140e+00
-3.801315379115287763e-03,-4.472390945265739378e-05,-1.594614560815764336e-06,5.458055801524489326e+00
3.203934716427098497e-03,-1.674441399314085605e-05,-1.123456599241938365e-06,5.458047512805622503e+00
-2.144093617568642240e-04,-2.255817068941594331e-05,-8.106313074980259153e-07,5.458039129230352060e+00
-3.456097494037062116e-03,-1.570229106950140379e-05,-5.428374932892089912e-07,5.458033693827958110e+00
5.494108999040988976e-03,-9.276520393887089774e-06,1.281777761058354559e-08,5.458026643986971571e+00
-2.538970512072096734e-03,-3.147739453714204185e-05,2.205224627184067881e-07,5.458024007162267210e+00
-1.785574191762341308e-03,-2.457911444073895211e-05,5.665627905019207234e-07,5.458020670333730173e+00
4.844020922393259959e-03,-1.345915316715373889e-05,8.595888023898699212e-07,5.458017477616230906e+00
-4.278645121039580460e-03,-2.910510699110362587e-05,9.238391733653149973e-07,5.458019398084628548e+00
2.562147911060107426e-03,-2.525577760502943064e-05,1.241012037899490966e-06,5.458014909628490230e+00
-1.593963593336021048e-03,-2.225804712046664655e-05,1.190644120480315157e-06,5.458015927238642817e+00
1.386178567117051354e-04,1.324532231404760526e-06,1.270875918602639243e-06,5.458015166940976215e+00
1.622158293227648172e-03,-2.062604029603633943e-05,1.191265617184198361e-06,5.458013539530561786e+00
-2.130144056394779085e-03,-4.222660888623913278e-06,1.006379341560246366e-06,5.458016954154961020e+00
1.148114097093716523e-03,-2.215859787231704340e-05,8.993746775949049725e-07,5.458015182485516092e+00
-5.727105864486721053e-04,-1.220005315523589602e-05,6.689721372627665713e-07,5.458015353369747302e+00
7.434733996162748871e-04,-1.019184494114166187e-05,5.194521063357728325e-07,5.458014300380380490e+00
-8.109409837652187128e-04,-9.134533239324031965e-06,2.706615003480246139e-07,5.458014000682892330e+00
1.197121926329016523e-03,-1.087772859427100164e-05,9.105234453895309239e-08,5.458013010469790594e+00
-1.167032275149639539e-03,-1.363675157250894791e-05,-1.856920342404597997e-07,5.458013182109346495e+00
7.850476880880500599e-04,-2.105985117628208196e-05,-2.837703627494512533e-07,5.458013135342820732e+00
-9.360211862509327423e-04,5.426022907409595905e-06,-4.414457441402873360e-07,5.458013614743244091e+00
1.432748518436848320e-03,-5.684169902865685817e-05,-5.164817373978536825e-07,5.458013474261186992e+00
-1.029857366363629446e-03,1.874829873185277274e-05,-5.840973883082253339e-07,5.458015063042011228e+00
1.276497491250047503e-03,-4.021636479525954734e-05,-5.728206918776624349e-07,5.458016023058813282e+00
-7.881491880112684789e-04,4.042802875726944868e-07,-5.686620397801245403e-07,5.458018546885135436e+00
9.039807038945077595e-04,-6.262807419573080797e-06,-5.043120906850138668e-07,5.458019339348736843e+00
-6.364132085178737103e-04,-2.133043274179699704e-05,-4.441152959407479461e-07,5.458021273966426001e+00
3.073837788976379508e-04,5.391336646684922386e-06,-3.288193188834270049e-07,5.458022379654210887e+00
5.678773231990122286e-05,-2.402991555847589953e-05,-2.323182556823755141e-07,5.458023452217570792e+00
2.323732150775419233e-04,-1.263041551559984404e-05,-9.371027324345933925e-08,5.458024736378117581e+00
1.396532613542975104e-05,-1.891224200020575431e-05,-1.409279259517424246e-08,5.458025487800143516e+00
-7.238189520732580011e-05,1.194483898075555330e-06,8.515511288142947938e-08,5.458026340375884189e+00
2.234523301298898840e-04,-1.451147647102654070e-05,1.659183958141607044e-07,5.458026979331966899e+00
-2.913884626507290973e-04,-8.131939070700233322e-06,2.143784728973345354e-07,5.458027613151777757e+00
3.249168007736548684e-04,-1.293198997958930643e-05,2.850504154001920960e-07,5.458028149952390606e+00
-1.806385815920498840e-04,-1.729683539457773788e-05,2.915795984847859056e-07,5.458028627644300634e+00
2.383021511817895769e-04,-6.955007662338901650e-06,3.049701865560807796e-07,5.458029000117368135e+00
-1.317257929148168028e-04,-7.801253522028095153e-06,2.888927370785117126e-07,5.458029302339839184e+00
5.793951167684355697e-05,-1.008121918174395767e-05,2.652331116956134820e-07,5.458029494704447870e+00
2.587845608417389164e-05,-2.852961669986098199e-06,2.271994809012217106e-07,5.458029593866266183e+00
-8.310457442904615479e-05,-2.002832714789428686e-05,1.819544622082082929e-07,5.458029674121035235e+00
1.236572932082993001e-04,-1.747923902005527860e-06,1.494618328880770583e-07,5.458029655324465601e+00
-1.008628617365408463e-04,-1.770033173709046820e-05,8.562514916909836073e-08,5.458029643962333921e+00
9.860427360693431616e-05,-2.831362809888234524e-06,4.915093288498401297e-08,5.458029553421246405e+00
-6.019446749870125676e-05,-8.271692236875376509e-06,1.131232175467390652e-09,5.458029468770605241e+00
5.696228460781560109e-05,-6.841795398386771241e-06,-4.383715566128916732e-08,5.458029304734169251e+00
7.069989694992641467e-06,6.920317985698321452e-07,-7.747032629175607448e-08,5.458029160145557945e+00
-2.711655585408705876e-05,-5.611336331604201026e-06,-1.090398184337988619e-07,5.458029005681031443e+00
5.120300610366431760e-05,-9.892461064141268946e-06,-1.299552666405530890e-07,5.458028824050582983e+00
-1.665226727270295823e-05,3.914491562782038260e-07,-1.418180903697901419e-07,5.458028644685128938e+00
2.055340228466784211e-05,-8.246536448353349770e-06,-1.522590527952769218e-07,5.458028454105011917e+00
2.686439275191251398e-05,-6.526344660029331371e-06,-1.513380856434938870e-07,5.458028255932129369e+00
-3.367432652248252407e-05,6.460553732960118526e-06,-1.463150900387011794e-07,5.458028110262334920e+00
3.277304812197888109e-05,-1.180311935394363443e-05,-1.428343684415690009e-07,5.458027900968812851e+00
3.696579518111454043e-05,-1.735020084058288826e-05,-1.273251133829700618e-07,5.458027695797278867e+00
-2.953939052959210005e-05,1.869794551975545323e-06,-1.092503744525978633e-07,5.458027550753618229e+00
4.283560593510577359e-05,-7.722480193514315660e-06,-9.237234299349763417e-08,5.458027349976573461e+00
5.185416633593411661e-05,-1.534845606534533265e-05,-7.764366434351413473e-08,5.458027204338901761e+00
-5.740198600798646902e-05,2.238942085646838354e-06,-4.972076281980922486e-08,5.458027025609790250e+00
1.419828399311704294e-05,2.709362161387522351e-06,-3.312565728671436092e-08,5.458026882522868384e+00
6.532536331092090079e-05,-8.077815948647571742e-06,-1.955517274428796720e-08,5.458026742671118647e+00
-3.714831874290705895e-05,-6.715559371003455707e-06,-3.934148543518467552e-09,5.458026619833324489e+00
1.406395215732237219e-06,-1.147460314035878893e-06,1.360364418043700281e-08,5.458026495200149597e+00
4.235274443246192652e-05,-2.168400996305746364e-06,2.754037787630188108e-08,5.458026372572706286e+00
-9.068011881340268853e-06,-4.142924984054347927e-06,3.853228028003301696e-08,5.458026263500197928e+00
2.018789341656438411e-05,-5.484033852951397474e-06,5.343041634231283078e-08,5.458026124062152817e+00
3.735836416245530124e-05,-3.432147625577482922e-06,5.957474066351289525e-08,5.458026056977715257e+00
2.980018616568678134e-05,-4.235777239094041282e-06,6.371639431175475056e-08,5.458025995868499791e+00
-1.997013280515616060e-06,-4.269549812582012656e-06,6.716654829458979720e-08,5.458025940860411929e+00
-1.448118712102979917e-05,-2.061619216100934268e-06,7.279773369015520465e-08,5.458025861774057574e+00
1.869625650083592348e-05,-6.873216681113655679e-07,7.552070482377809777e-08,5.458025810542109113e+00
2.327503099050608006e-05,-2.774046439048599403e-06,7.648725247210064519e-08,5.458025742753404685e+00
-1.922923056501699770e-06,-2.552745478803315611e-06,7.598021597678576386e-08,5.458025705002286898e+00
-9.618602545744720609e-06,-9.948778757340615093e-07,7.542604599858340158e-08,5.458025670428177101e+00
-2.527514640626165826e-06,7.197990589923146065e-07,7.437635695085119289e-08,5.458025637548964859e+00
1.592685552571312493e-05,5.100692834483251757e-07,7.213745913301809714e-08,5.458025607810735202e+00
2.930413878791494691e-05,-2.528279774462189992e-06,6.837933595072483201e-08,5.458025583843520323e+00
1.782566246356459845e-05,-3.976751550944993567e-06,6.447005419806177189e-08,5.458025567211822526e+00
-8.574981876542886248e-07,-2.941667263382637050e-06,6.262141814631724847e-08,5.458025561458547337e+00
-1.363244958771699106e-05,-1.121359504604916234e-06,5.892254890580541269e-08,5.458025553229057358e+00
-4.100393110300753815e-06,-7.025276322359029551e-08,5.466301843157174733e-08,5.458025547938160749e+00
2.670687923190443107e-06,-5.943149554255599478e-07,5.222851302370019127e-08,5.458025546746843482e+00
3.028506382712791142e-05,-1.977847718513859763e-06,4.681574001291957216e-08,5.458025548855892417e+00
2.662143693943598569e-05,-2.345771678108790390e-06,4.092409513678524321e-08,5.458025559861566123e+00
1.415784661921818724e-05,-3.857541844058613492e-06,4.092409483054315458e-08,5.458025559861566123e+00
-8.363847168660139652e-06,-3.308838795350709966e-06,3.466474983722090017e-08,5.458025580001869770e+00
-1.303406880924432930e-05,-3.076733683659625653e-06,3.200298509207259779e-08,5.458025592372317547e+00
-1.087837247457061115e-05,-3.144696109808025713e-06,2.933972377764781760e-08,5.458025605999313079e+00
-5.476030252435218030e-06,-3.732715961453372316e-06,2.649368752959631074e-08,5.458025621178584252e+00
2.096926899636502027e-05,-1.567156287325108123e-06,2.055370907940609609e-08,5.458025658034223682e+00
8.564836062930341481e-06,-5.144848341521946128e-06,2.055370897386067558e-08,5.458025658034223682e+00
1.360267731562748983e-05,-5.712823897595064720e-06,1.745489085025515105e-08,5.458025680606646723e+00
1.011768485310546802e-05,-6.934339860047213619e-06,1.394395695294645969e-08,5.458025706371985031e+00
1.542837413243026831e-06,-7.537795132454387207e-06,1.044618394426201479e-08,5.458025735569592918e+00
-4.245274111482707599e-06,-6.816322766152926784e-06,7.353906473148984449e-09,5.458025768045813741e+00
-9.289473839342900354e-06,-5.667804526819151882e-06,4.199230341308637003e-09,5.458025804183307628e+00
-1.150020200934789380e-05,-4.163121846599933794e-06,9.528487849166412234e-10,5.458025843945574884e+00
-9.129685456973184730e-06,-2.513733675461021439e-06,-2.359888069449376979e-09,5.458025887160988354e+00
-2.060657558701367010e-06,-1.577993706147592745e-06,-5.984179052730797015e-09,5.458025933601514446e+00
7.977030197178743628e-06,-1.117107465920321565e-06,-9.862510906032864752e-09,5.458025984447454348e+00
1.825766321003254795e-05,-1.031860366028682475e-06,-1.408816914542121482e-08,5.458026040528644707e+00
2.639613797149629120e-05,-1.538030441746839247e-06,-1.868919792557445057e-08,5.458026102259928791e+00
2.611741345940855007e-05,-2.409176550575363656e-06,-2.362013812538412003e-08,5.458026169514517356e+00
1.990783711122686830e-05,-3.429839122147610742e-06,-2.876740261817543254e-08,5.458026243514745524e+00
1.020962780699339845e-05,-4.338745286590666372e-06,-3.397170026870054125e-08,5.458026324492379899e+00
-4.687169530159946712e-07,-4.607481842144876012e-06,-3.890705599996536783e-08,5.458026410603165957e+00
-1.024003496494303692e-05,-4.401153744835453394e-06,-4.361162482909638894e-08,5.458026502458765528e+00
2.012832276258907693e-06,4.534174594053044265e-06,-5.225531178114835915e-08,5.458026700711616996e+00
-1.145154078398942151e-05,-2.806644314634427224e-06,-5.225531187082222850e-08,5.458026700711616996e+00
-5.472134979673671165e-06,-1.772254172960583588e-06,-5.648498563107159836e-08,5.458026808372520300e+00
-3.537681146771449371e-07,-3.259268974643784611e-06,-6.140241660315591900e-08,5.458026920293007400e+00
1.718500893224864695e-05,-8.826747224868005601e-07,-7.226318723551160162e-08,5.458027061487188192e+00
1.390850378062244434e-05,-4.800041613633167995e-06,-7.023888254275942269e-08,5.458027163496474543e+00
1.874830019687894576e-05,-4.625767140915277178e-06,-7.435707270243945197e-08,5.458027295687732483e+00
1.891091389918823633e-05,-4.016816017355117924e-06,-7.847317327193290945e-08,5.458027435184232168e+00
1.483004913413164590e-05,-3.029619626643121213e-06,-8.259475723587254821e-08,5.458027583169292818e+00
8.466184324565808513e-06,-2.232624152446477806e-06,-8.686539661681031644e-08,5.458027738775312443e+00
-5.032007234757613814e-08,-1.619742203226653544e-06,-9.118348379450403533e-08,5.458027902854544422e+00
-5.781897193666170185e-06,-1.556197145599440285e-06,-9.552812605752605795e-08,5.458028074021767928e+00
-9.081826411658623391e-06,-2.007475771418095607e-06,-9.974609501345593806e-08,5.458028253152406251e+00
-9.721132685319351606e-06,-2.788282149141465081e-06,-1.038762310451778000e-07,5.458028441234213268e+00
1.800654904627571232e-05,5.873109276139634990e-06,-1.113553047998872104e-07,5.458028840606067078e+00
5.285154114478306985e-05,1.613429310173653423e-05,-1.178761706113096709e-07,5.458029274768463779e+00
5.109060412693122716e-05,1.689542455404230927e-05,-1.273579775763191963e-07,5.458029747388326136e+00
3.947580088459772756e-06,6.417016015661981555e-06,-1.364995861909641256e-07,5.458030258642921240e+00
-2.650039416397581213e-05,2.402769193869062632e-06,-1.370508210872543594e-07,5.458031047885399722e+00
1.829175930117270282e-05,7.379665423274372903e-06,-1.295982946259570052e-07,5.458031561602052051e+00
6.098729101318334960e-05,1.148534436914116680e-05,-1.193986331773161713e-07,5.458032340815293537e+00
2.566054474399283907e-05,9.614483049276918621e-06,-1.119871508877051900e-07,5.458032872780692379e+00
-3.224069654317921033e-05,9.630530215417372491e-06,-9.262535948314302959e-08,5.458033926868524510e+00
4.886114895133428903e-06,5.294055913881357591e-06,-7.742310305949108864e-08,5.458034422034192978e+00
4.292466041008374719e-05,8.093053972642676899e-06,-5.404517112613101787e-08,5.458035129467736724e+00
-2.951257566263110916e-06,1.790451683366078546e-05,-2.335435543877279685e-08,5.458036061858502208e+00
-9.409840761121619578e-06,6.108328653673417552e-06,-3.068527244557435606e-09,5.458036721186044105e+00
2.609324725364856433e-05,-8.765384062141265152e-07,2.047769472396911013e-08,5.458037326954922719e+00
-3.162202766453034362e-06,1.049785483493526261e-05,5.225374599525366843e-08,5.458038076142561756e+00
9.593665928180692678e-06,1.383695711324338264e-05,7.803411612136116650e-08,5.458038763185151687e+00
2.498525601844741445e-05,-1.961440430726313697e-06,9.023349802907246501e-08,5.458039236572875375e+00
-1.063147352266428651e-05,2.148892480136142034e-06,1.087097372726098622e-07,5.458039801991177775e+00
3.618714168141152105e-05,1.915241697043716063e-05,1.258784404800466504e-07,5.458040393985037930e+00
1.888303278713279265e-05,-6.151336445249729287e-07,1.230802892269864371e-07,5.458040707070281883e+00
-1.076347401497496829e-05,1.011294257923694112e-05,1.254392625571892444e-07,5.458041045183011697e+00
3.395725601833763372e-05,1.938016588611772624e-05,1.231160359860014044e-07,5.458041313430372909e+00
-1.309798262689460155e-05,-3.933370288361823790e-06,9.676005552304771723e-08,5.458041548439527268e+00
2.670459424146891898e-05,1.566477344292946147e-05,9.395618004064925890e-08,5.458041613342531129e+00
2.417058149599648998e-05,1.536770213284509743e-05,7.629083187383484360e-08,5.458041635771558653e+00
-3.031543462010828481e-05,-9.913402669376190278e-06,4.448592492507499724e-08,5.458041585748145685e+00
3.288096856242779488e-05,6.463529179700774182e-06,2.788124625902847445e-08,5.458041435118852647e+00
-1.104031521064305968e-05,1.491385907939421840e-05,-2.414803507858619746e-09,5.458041052363744150e+00
-3.023766811497047820e-05,-5.328690606282423152e-06,-2.586294500817653184e-08,5.458040804566877569e+00
6.027750507563470298e-05,1.022696759525733365e-05,-3.840560303283478463e-08,5.458040395948291490e+00
-4.068458108167342544e-05,3.694186484159817143e-06,-5.683724058853854764e-08,5.458039900187710458e+00
2.535879397663574688e-05,3.011283521536451499e-06,-7.096771193512887475e-08,5.458039343957147516e+00
2.326708681421583945e-05,7.422646979410145361e-06,-7.765322549642934386e-08,5.458038723355024047e+00
-3.505068192647165545e-05,6.032035585664165131e-06,-8.452759811095467069e-08,5.458038035925923737e+00
7.186912026323596025e-05,6.488229219693173638e-07,-8.761024020616198153e-08,5.458037307186210718e+00
-1.860445634089952352e-05,5.231465680458059144e-06,-8.454996119723566192e-08,5.458036521661790097e+00
9.572034415580747823e-06,4.366747243026989442e-06,-7.939261315581410682e-08,5.458035696650564539e+00
2.652469774613305320e-05,2.778910952326396211e-06,-7.162480222607353456e-08,5.458034849236664598e+00
-1.652238920377672952e-05,4.770653688152778960e-07,-6.448074354185374033e-08,5.458034200869908759e+00
3.126952140255641311e-05,4.521326314583998483e-06,-5.073685734156281035e-08,5.458033326733476187e+00
4.768309198653020324e-06,2.857571404490224549e-06,-3.815731254592716948e-08,5.458032443428078473e+00
1.430094171520996123e-05,2.129414129117205011e-06,-2.460598411362710444e-08,5.458031560396638504e+00
1.337286523658494655e-05,3.838993433379444297e-07,-1.402602671437272428e-08,5.458030902111872251e+00
1.232975461192729343e-05,3.008935451905306761e-06,8.343053937774667044e-10,5.458030033950556970e+00
2.229575980465336007e-05,3.154212398478233627e-06,1.438311431040758699e-08,5.458029179443247614e+00
3.974073318284978917e-06,-2.688953293027498800e-07,2.262268724030617499e-08,5.458028552929786059e+00
1.996470087656458371e-05,1.959607028594185488e-06,3.440867056150243674e-08,5.458027749377254878e+00
1.290739281456911789e-05,1.224252045621745769e-06,4.326569220251144897e-08,5.458026979514603916e+00
1.761787217852996056e-05,1.293571514565851885e-06,4.925335021002063155e-08,5.458026422634796759e+00
1.558943199339658304e-05,7.458799035651582477e-07,5.469295501294043435e-08,5.458025722926259427e+00
2.524057807442231293e-06,-6.634255579781965636e-07,5.705365223435480355e-08,5.458025227807515201e+00
2.447299399351802402e-05,7.062164931038058107e-07,5.962137589296627218e-08,5.458024609734727584e+00
1.928859002251120459e-05,5.045091967766455725e-07,5.948001529974281349e-08,5.458024038789029753e+00
-9.060301639473279246e-07,-9.364967041020022054e-07,5.753360492353961371e-08,5.458023648010320805e+00
2.661221512362177877e-05,-2.211287010526169670e-07,5.472832690781858932e-08,5.458023170987499562e+00
2.817988302973323526e-06,-3.245741396360969477e-07,5.118505128018820001e-08,5.458022850519960834e+00
1.629931644688861517e-05,-8.954610053113930734e-07,4.515026117338581569e-08,5.458022470174941354e+00
2.218915806009185055e-05,-6.259512800387649934e-07,4.050557241659443577e-08,5.458022224319761584e+00
1.260673993752880464e-05,-1.044161807281758037e-06,3.321129966954281609e-08,5.458021946839577865e+00
1.183302629125110102e-05,-8.369688603629518215e-07,2.770762582408275690e-08,5.458021775313286916e+00
1.164592477656938301e-05,-9.060070372683165289e-07,2.017145373417657816e-08,5.458021593876875244e+00
2.176683343181525179e-05,-1.617714742094223198e-06,1.266885468912782836e-08,5.458021467276001459e+00
8.486093525923924975e-06,-8.892112521562203462e-07,7.409619638513952192e-09,5.458021406721214497e+00
2.434564049073014623e-05,-1.992347859057352216e-06,5.974334647782818903e-10,5.458021369306974790e+00
2.047012273523106201e-05,-1.622136613648934640e-06,-3.838798260083468028e-09,5.458021373746727356e+00
1.762256940428225089e-05,-2.130177473018127642e-06,-9.121217381078614956e-09,5.458021421760627767e+00
2.071304952182154583e-05,-2.080656667215181392e-06,-1.318857541755455285e-08,5.458021513015731685e+00
5.220722213455091162e-06,-6.372180044046747519e-07,-1.564170347954300470e-08,5.458021607648471551e+00
2.801018659837593928e-05,-2.811741813582487262e-06,-1.860961854229142368e-08,5.458021764742496451e+00
2.599341993661457865e-05,-3.263379195034566126e-06,-1.997620664774826237e-08,5.458021958738711099e+00
-9.326485840006973484e-06,3.181938605629287715e-07,-1.986943679458917443e-08,5.458022184214494033e+00
1.467798742066418692e-05,-5.549441400465908365e-07,-2.036363466811296552e-08,5.458022364540800808e+00
3.613487822960506353e-05,-4.146339999408541301e-06,-2.016856554616548495e-08,5.458022627038674024e+00
-8.022546064677184708e-07,-1.706740630662442767e-06,-1.802920753419382389e-08,5.458022914770772616e+00
3.236407044342130943e-05,-2.909625242070664929e-06,-1.602949638094055452e-08,5.458023213548320207e+00
1.808913284053115982e-05,-3.370854762820504088e-06,-1.357889596216127003e-08,5.458023528473053609e+00
1.321484992485639809e-05,-2.174623622305614818e-06,-1.059158823080356336e-08,5.458023850791022369e+00
2.560171634009395333e-05,-3.152260045597302319e-06,-7.937251675659723463e-09,5.458024175267487621e+00
1.707789959731919983e-05,-4.058958306075238304e-06,-5.429921124441330226e-09,5.458024505376132041e+00
1.999004674002283576e-05,-2.444850484450970546e-06,-2.145628584031318942e-09,5.458024833742094017e+00
3.711987473563230720e-06,-7.137959857463880622e-07,5.692722304064516831e-10,5.458025160525171948e+00
2.652150826605183441e-05,-4.874669909941812653e-06,1.492929670176976648e-09,5.458025480806308671e+00
1.492544949259139060e-05,-2.024230542462414843e-06,4.352763391224286218e-09,5.458025796321045675e+00
1.252026916937838960e-05,-3.684263524923046805e-06,4.986093147140005523e-09,5.458026103728835565e+00
2.500535109841879318e-05,-4.446672648098165206e-06,6.031870810748669453e-09,5.458026399031544074e+00
1.327291489704715575e-05,-3.884583870971364020e-06,6.738695482550058067e-09,5.458026689105612839e+00
1.083711668833750827e-05,-2.161138580776305827e-06,7.452472726725455798e-09,5.458026970310669412e+00
7.860085041355250468e-06,-6.835549743160750497e-07,7.458276824951436884e-09,5.458027237797651310e+00
2.883786345177926538e-05,-8.228531820551010062e-06,4.975537584409072366e-09,5.458027556028250515e+00
-9.635346691091764120e-06,1.593628643891863765e-06,6.898541181369972318e-09,5.458027798973031253e+00
2.972521054061732368e-05,-5.623353852832910488e-06,3.155922072027082516e-09,5.458028025835432118e+00
4.127095120404315347e-05,-1.066853741848870879e-05,4.440040846051617402e-10,5.458028245348889307e+00
-3.063339895651488813e-05,2.144910669403803951e-06,2.960188109329295022e-09,5.458028510423838853e+00
7.254717617211429959e-05,-6.015594000589934619e-06,-6.099032364016142972e-10,5.458028701561945084e+00
-3.963264109482217678e-05,-2.699534517603454125e-06,-2.333284100043505663e-09,5.458028883753499372e+00
5.768494672199963539e-05,-1.146047706103654726e-05,-5.529914769755720677e-09,5.458029101621662882e+00
8.241356409790462307e-06,4.041330959365187167e-06,-1.417821870310106938e-09,5.458029266231566368e+00
-1.373258188625950651e-05,-8.642009242043467059e-06,-7.551279629166541304e-09,5.458029417449989928e+00
3.284971528972700902e-05,-9.939941562365068768e-06,-7.122814097906291510e-09,5.458029600036987006e+00
-1.701118795312875885e-05,-2.367321481275557682e-06,-5.202132859238284970e-09,5.458029739949347814e+00
4.648927589108290298e-05,-7.419505929522853618e-06,-6.643942944220191918e-09,5.458029875412432119e+00
-2.928884329856094418e-05,-7.186619957847151760e-06,-5.764308161084719154e-09,5.458030033740214115e+00
3.012690341169174058e-05,-8.008453285151655651e-06,-5.070249444589584672e-09,5.458030158794312747e+00
5.850006202723820304e-05,-1.360149288439407630e-05,-6.318766368363483386e-09,5.458030277986189560e+00
-9.352333316366837133e-05,-1.012680057297556356e-06,-2.955079662796944802e-09,5.458030389916977754e+00
1.348098041976528367e-04,-1.219435691706746022e-05,-9.947231862644496626e-10,5.458030543144515079e+00
2.700082615061477915e-05,-1.251496073564661056e-05,-1.708358025590098938e-09,5.458030640634873976e+00
-1.391310384672886737e-04,-5.545126516735774016e-06,-2.264839175542841985e-10,5.458030734962359354e+00
2.344292939404687005e-04,-1.008100615458837852e-05,3.848929570161336421e-09,5.458030859492060571e+00
-9.294481850564489066e-05,-4.444750962510114563e-06,3.023266549323620390e-09,5.458030935674999640e+00
-1.210509060939377832e-04,-4.141548139628461492e-06,3.511596700856245604e-09,5.458031025829701122e+00
2.763304813193120761e-04,-2.003163124605316216e-05,2.526827744609049870e-09,5.458031151308305517e+00
-2.121510455929432075e-04,-9.825528359570903013e-06,4.292624252243368332e-10,5.458031209326827060e+00
-4.701096062821659319e-05,5.930182562647045553e-06,1.077962517858280920e-08,5.458031321792291557e+00
3.404094539922118386e-04,-2.395796057987423989e-05,3.466182929632900285e-09,5.458031440419087943e+00
-4.610820626751502001e-04,-1.963490495731800404e-05,-8.273946896821647621e-09,5.458031465261416137e+00
2.063781217246255591e-05,1.572280233034220918e-05,1.488954044627565527e-08,5.458031662840251208e+00
7.966338785114707513e-04,4.221826285789933950e-06,1.902384005026202926e-08,5.458031826201862557e+00
-4.504615609197413551e-04,-3.646765612129047917e-05,-1.745092733367623687e-08,5.458031807663165758e+00
-7.136710700125324788e-04,-8.079886721906875754e-06,-2.764080545611182000e-08,5.458031953306988981e+00
1.211414847045817235e-03,2.583947484014243357e-05,2.512317710441874382e-08,5.458032471403805985e+00
2.932081076451198030e-04,-1.848605152716665707e-05,-2.202399660147995329e-08,5.458032568713666599e+00
-2.217419612713577345e-03,-4.412247090156034873e-05,-6.319556150114799739e-08,5.458032624296968116e+00
8.629964052387022839e-04,3.699511101643414950e-06,-2.733826545250305095e-08,5.458033965598118264e+00
3.282439414695571996e-03,2.668232163014515456e-05,3.119975419902183496e-08,5.458034698940056550e+00
-9.953154900510885559e-04,-5.099608981115550248e-06,-7.045313085172161612e-08,5.458035502286485041e+00
-4.727744000962250982e-03,-4.186027376020381920e-05,-1.082143426196270227e-07,5.458035960999739089e+00
3.998885763035917203e-03,-1.971914406915813882e-05,-1.938041778423493312e-08,5.458041687828405486e+00
5.699599033987348164e-03,2.470234365673741055e-05,9.582449467403815777e-08,5.458043123397133378e+00
-5.345755658679828340e-03,2.153152275788754302e-05,-1.109978650635564280e-07,5.458049046997540898e+00
-8.485546553929336488e-03,-3.440986751281251691e-05,-1.417478272702777886e-08,5.458051508863918322e+00
7.203794179628114809e-03,-5.893871653794087624e-05,8.110040704410716184e-08,5.458070252135481581e+00
1.000000000000000021e-02,6.608841988846442350e-07,5.354856024940195459e-07,5.458076373703584672e+00
-4.301583557620442325e-03,5.842402691188816561e-05,2.061593861762183860e-07,5.458106503121703312e+00
-1.000000000000000021e-02,6.240405328519027333e-06,4.101415870766622835e-07,5.458120809833994613e+00
-6.533949404457188928e-03,-5.979402154261590733e-05,6.627356174316265491e-07,5.458133789935187608e+00
1.000000000000000021e-02,-7.537256091363328568e-05,1.030315824249873366e-06,5.458179803861250790e+00
5.246005929998814703e-03,5.236216367071539260e-05,1.424372611451798835e-06,5.458190860400522482e+00
-1.000000000000000021e-02,9.448872550935325822e-05,1.014888658119764059e-06,5.458219374770129306e+00
-9.837042754647740833e-03,-5.237092799562080602e-05,1.915667962062317663e-06,5.458226556550756392e+00
8.998643346554957220e-03,-1.557895588745131102e-04,1.801152996766884328e-06,5.458270564406702441e+00
1.000000000000000021e-02,-1.178147574600559178e-05,2.988143089397644862e-06,5.458279482582028663e+00
-3.328937072296077240e-03,1.610280854333464770e-04,2.564628284037552443e-06,5.458303395536940883e+00
-1.000000000000000021e-02,-5.235824726017591213e-05,3.623190019611239935e-06,5.458313944874547019e+00
5.141117966699956798e-03,-2.264510879754238115e-04,3.485057448796184826e-06,5.458347881875056373e+00
1.000000000000000021e-02,6.583385104387871152e-05,5.315290844363896355e-06,5.458358323616046448e+00
-1.000000000000000021e-02,1.848846146838062018e-04,4.446471479801889581e-06,5.458381682285192937e+00
-4.713009536949563580e-03,-2.429969045621067122e-04,6.114713898501588663e-06,5.458389488273824419e+00
1.000000000000000021e-02,-9.031774615706200931e-05,7.272895024945747032e-06,5.458421248262517622e+00
-9.410961644899948353e-03,2.651368860464133406e-04,6.759122709588096997e-06,5.458435126497256817e+00
-2.326178241890118972e-03,-3.610805807415026899e-04,8.660889822716976208e-06,5.458442546673836659e+00
1.000000000000000021e-02,1.969956241274795907e-04,1.126678651837540063e-05,5.458457884409716243e+00
-1.000000000000000021e-02,-1.313255685471337775e-04,1.195554664972766086e-05,5.458455012466666645e+00
1.000000000000000021e-02,-1.677971599559707029e-05,1.354527506380688062e-05,5.458485025191420092e+00
-1.000000000000000021e-02,1.426098563916519864e-04,1.352614186916567554e-05,5.458477589783021777e+00
1.000000000000000021e-02,1.898854554456928941e-04,1.741866320544256118e-05,5.458494663173553363e+00
-1.000000000000000021e-02,-3.440524800936171153e-04,1.863122451172613011e-05,5.458468874479406985e+00
