2.374989102285938625e+00,-1.050023588102906080e+00,1.022764121052003095e+00
2.374892958840303603e+00,-1.050156740870582306e+00,1.003335061534136763e+00
2.374675996667408917e+00,-1.050474379701359817e+00,9.879071000035063443e-01
2.374675996667408917e+00,-1.050474379701359817e+00,9.879071000035063443e-01
2.374675996667408917e+00,-1.050474379701359817e+00,9.879071000035063443e-01
2.374675996667408917e+00,-1.050474379701359817e+00,9.879071000035063443e-01
2.374675996667408917e+00,-1.050474379701359817e+00,9.879071000035063443e-01
2.374675996667408917e+00,-1.050474379701359817e+00,9.879071000035063443e-01
2.374675996667408917e+00,-1.050474379701359817e+00,9.879071000035063443e-01
2.374675996667408917e+00,-1.050474379701359817e+00,9.879071000035063443e-01
2.374989102285938625e+00,-1.050023588102906080e+00,1.022764121052003095e+00
2.374989102285938625e+00,-1.050023588102906080e+00,1.022764121052003095e+00
2.374989102285938625e+00,-1.050023588102906080e+00,9.847503694259884810e-01
2.374920419721518350e+00,-1.050119075989356832e+00,9.357999875549312119e-01
2.374722885034143971e+00,-1.050403718860089430e+00,8.883405539614331881e-01
2.374397089919573656e+00,-1.050887615065773772e+00,8.437851292155735816e-01
2.373949448680244600e+00,-1.051564725471097805e+00,8.042781360473683083e-01
2.373397339436496889e+00,-1.052406288770217690e+00,7.713572055046591380e-01
2.372771424445841326e+00,-1.053352784839827860e+00,7.444656825868739558e-01
2.372102477666240272e+00,-1.054339328805487863e+00,7.224500743797603874e-01
2.371414636425082101e+00,-1.055314680966136454e+00,7.038777644260658661e-01
2.370721265026117131e+00,-1.056253787324477944e+00,6.875961784188980852e-01
2.370024217840737357e+00,-1.057163948900695649e+00,6.729000950107757451e-01
2.369315225876400977e+00,-1.058083638637578039e+00,6.593967927292204712e-01
2.368578898486522810e+00,-1.059073962290162596e+00,6.468784694859668338e-01
2.367797118541773660e+00,-1.060203174480451427e+00,6.352318485211843058e-01
2.366954082880458721e+00,-1.061526977898430646e+00,6.243889736266641233e-01
2.366040900828251914e+00,-1.063069700295430575e+00,6.143037820054055853e-01
2.365058662397127698e+00,-1.064811894197601694e+00,6.049411308243984875e-01
2.364019392791803842e+00,-1.066687926594047653e+00,5.962573605301182411e-01
2.362942120743602104e+00,-1.068608650305517882e+00,5.882290256480808832e-01
2.361847897908077698e+00,-1.070489396078205369e+00,5.808425864394077820e-01
2.360756246283812754e+00,-1.072269145473701446e+00,5.740751037205229501e-01
2.359681085732205474e+00,-1.073929915352117348e+00,5.679050054703143058e-01
2.358627672298581945e+00,-1.075506707283603092e+00,5.623114607671388931e-01
2.357591575052528921e+00,-1.077082703189905732e+00,5.572741893223048804e-01
2.356559689015653714e+00,-1.078771048272138655e+00,5.527732327189025519e-01
2.355513278268751787e+00,-1.080685530761750446e+00,5.487887743979833477e-01
2.354432382107980448e+00,-1.082907038247393317e+00,5.453015156266753927e-01
2.353300604964617460e+00,-1.085456919836871537e+00,5.422933087099827132e-01
2.352109211494092467e+00,-1.088284264713551774e+00,5.397474241431268194e-01
2.350859544535660817e+00,-1.091269776985251072e+00,5.376480705232489221e-01
2.349563151036226927e+00,-1.094249202269415244e+00,5.359794207871541039e-01
2.348239518507837964e+00,-1.097053377789484419e+00,5.347250134344785355e-01
2.346911868670310319e+00,-1.099552840290752842e+00,5.338681802302182033e-01
2.345601907199855951e+00,-1.101685286259111107e+00,5.333930106857421860e-01
2.344324711078198398e+00,-1.103461913749363310e+00,5.332849493506075511e-01
2.343084953193244502e+00,-1.104968191419875678e+00,5.335307353264001629e-01
2.341875389225116066e+00,-1.106354166163980191e+00,5.341175948889892444e-01
2.340678024373957111e+00,-1.107803955785008121e+00,5.350321686617034445e-01
2.339467764605938971e+00,-1.109490313383254767e+00,5.362602060674773741e-01
2.338217799416056675e+00,-1.111534601356091390e+00,5.377873502760881497e-01
2.336905542376098044e+00,-1.113988463971705922e+00,5.396001690032210529e-01
2.335517779658036197e+00,-1.116830707654942412e+00,5.416866840331624466e-01
2.334053799329914636e+00,-1.119966257126411735e+00,5.440362314416775646e-01
2.332525723643906534e+00,-1.123238408168199864e+00,5.466385489273315468e-01
2.330955889969494432e+00,-1.126463270410033468e+00,5.494826913165286042e-01
2.329371803265909868e+00,-1.129476954524383903e+00,5.525568411048482620e-01
2.327799725831196209e+00,-1.132172690990537633e+00,5.558491373016251069e-01
2.320316591952777951e+00,-1.142040121136610686e+00,5.752313111179138128e-01
2.311602179224382603e+00,-1.156831005702091186e+00,5.986116766714453252e-01
2.301563358514568502e+00,-1.173131752519606996e+00,6.249346903176189461e-01
2.291710863879033777e+00,-1.185743645726152984e+00,6.532811654898988962e-01
2.282229483154168292e+00,-1.200980172946304325e+00,6.768829913533516152e-01
2.272201435843137052e+00,-1.216064885861752209e+00,7.009418164255863948e-01
2.260151277985674056e+00,-1.230375878422185654e+00,7.311846050990762347e-01
2.248812982926206683e+00,-1.246319927071728895e+00,7.551780711993697492e-01
2.239792658197604425e+00,-1.259531889933542148e+00,7.729137509207956169e-01
2.228599268837885727e+00,-1.273329182449778330e+00,7.960485695664427652e-01
2.216681753940334954e+00,-1.287242133732261040e+00,8.184474517890762968e-01
2.206439804918912451e+00,-1.300944207373154748e+00,8.346600365400679289e-01
2.196301259771404890e+00,-1.314502616567498894e+00,8.503244581746824959e-01
2.183851313122684878e+00,-1.328375636303333884e+00,8.702564385025366445e-01
2.170607879646447191e+00,-1.341531307060773948e+00,8.890381921518770714e-01
2.156880161132288531e+00,-1.354289228860392935e+00,9.066047138714923292e-01
2.141341373400918791e+00,-1.363061660144859522e+00,9.267276932172032744e-01
2.124577979278538198e+00,-1.372420069044441693e+00,9.447922125812281413e-01
2.107604474418365292e+00,-1.379821531160232206e+00,9.607587587701471588e-01
2.087484179896873737e+00,-1.383952543178651684e+00,9.771306735368907592e-01
2.068401695985812250e+00,-1.393656843959978575e+00,9.884879173901588434e-01
2.050648599617710843e+00,-1.398524873017257475e+00,9.978420339998372857e-01
2.030840324579993528e+00,-1.405733399518520610e+00,1.005269776332580411e+00
2.014206527064225316e+00,-1.414957638891399805e+00,1.009891270886987158e+00
1.998988396702773285e+00,-1.420404200676806505e+00,1.013405183916568308e+00
1.977669865344914069e+00,-1.429147526999871909e+00,1.016335793342695082e+00
1.964004317463029947e+00,-1.437714261908706215e+00,1.017358483901808608e+00
1.947585680481420223e+00,-1.446514870671445907e+00,1.017935321047881425e+00
1.930652170802341860e+00,-1.452782569995426210e+00,1.017680474937302959e+00
1.911160295296439715e+00,-1.463644997826385463e+00,1.016653957487547721e+00
1.896995398059951210e+00,-1.473126671708842039e+00,1.015437158416380381e+00
1.878663279959226884e+00,-1.482539537236563065e+00,1.013275165839091274e+00
1.863241344752320838e+00,-1.489791906193951521e+00,1.011288478259594559e+00
1.846826938597634138e+00,-1.500209780976935026e+00,1.009008784147508830e+00
1.826703012466246889e+00,-1.515084220093329881e+00,1.005587652383417296e+00
1.812297760935848601e+00,-1.523180007248043921e+00,1.002766338414692093e+00
1.796213422781673730e+00,-1.530671128871354814e+00,9.997636886545864243e-01
1.779010479205344497e+00,-1.540922159157269933e+00,9.965984410835402318e-01
1.758319744136442875e+00,-1.556572286099105806e+00,9.921816577688084005e-01
1.743876498675311693e+00,-1.565531843496268394e+00,9.887512093375239175e-01
1.721648523413147114e+00,-1.576136549186250013e+00,9.840693269489877437e-01
1.703893173629980051e+00,-1.587068628879230170e+00,9.805023963051313629e-01
1.688013943566486930e+00,-1.599009602786420015e+00,9.769174960025445165e-01
1.673311483470329764e+00,-1.608393366397685487e+00,9.733293278828416550e-01
1.650987451319079868e+00,-1.618352464596568341e+00,9.685773984468493136e-01
1.632687264545048311e+00,-1.627512857749685793e+00,9.650683473111605348e-01
1.616042907310120569e+00,-1.636521597669624573e+00,9.616235532962740251e-01
1.595853701922183010e+00,-1.643603070947804001e+00,9.571270028721444723e-01
1.572671237662301325e+00,-1.649559469172541926e+00,9.527892310330227099e-01
1.554259393200161155e+00,-1.656970223229349504e+00,9.496553834758951762e-01
1.532682825493677292e+00,-1.666102017934318669e+00,9.456608347023767180e-01
1.511403844820402131e+00,-1.670821059118592133e+00,9.418858448028155639e-01
1.486569212450670419e+00,-1.678006200850995500e+00,9.383463712046117289e-01
1.468595244478491768e+00,-1.685888188881654814e+00,9.358574100500616222e-01
1.447525551528634491e+00,-1.693216661337925144e+00,9.327615279191509012e-01
1.424564535857000935e+00,-1.697650065787021045e+00,9.299319673701875733e-01
1.405473736550895358e+00,-1.703713715170563248e+00,9.279825927997700230e-01
1.382325979915736358e+00,-1.713409794353982774e+00,9.256250553611605758e-01
1.361408223999661438e+00,-1.718739683163220899e+00,9.235332156653859315e-01
1.334574738465992949e+00,-1.726470901175038763e+00,9.213119893487998757e-01
1.315532775086286410e+00,-1.736392302854634861e+00,9.198284659264874819e-01
1.292125874219065773e+00,-1.743019924640057283e+00,9.183228005713743869e-01
1.271272541111613696e+00,-1.747305779042114038e+00,9.174001084003837736e-01
1.247079303023146402e+00,-1.753385974703540073e+00,9.165874732274689185e-01
1.221189603505244303e+00,-1.755137818250682269e+00,9.161112780731901495e-01
1.199265066072201957e+00,-1.760933477667110392e+00,9.159406915165346774e-01
1.174175508106252153e+00,-1.768521207444208043e+00,9.159783035526245509e-01
1.151996207939902428e+00,-1.770576464125366289e+00,9.161822926708088621e-01
1.128714122301161860e+00,-1.776225409026146007e+00,9.165240057535471996e-01
1.102274554905636084e+00,-1.785670520280457918e+00,9.171318531581296174e-01
1.078390921160518046e+00,-1.790941970784684756e+00,9.177442388650847160e-01
1.053296804507743989e+00,-1.800504584067934788e+00,9.184347390159448565e-01
1.031339275747523487e+00,-1.812114897243706668e+00,9.191944626774981586e-01
1.008532509158278412e+00,-1.819212257057793547e+00,9.200084289726289111e-01
9.839734195196376820e-01,-1.826404574115131796e+00,9.208821464251026878e-01
9.551420704413962071e-01,-1.837043697976369572e+00,9.220483896313895755e-01
9.307342939670706361e-01,-1.843815485319819203e+00,9.230254438399116967e-01
9.054146005329709590e-01,-1.854779453446238957e+00,9.240079741668537627e-01
8.763415354410160063e-01,-1.869427544803075492e+00,9.252359700659271713e-01
8.516440723336442531e-01,-1.876220133871253637e+00,9.261965575310154852e-01
8.255367513088943676e-01,-1.885545134232097464e+00,9.271408949832355972e-01
8.009070781286251606e-01,-1.897021512779633046e+00,9.280670173368715803e-01
7.694916620077856262e-01,-1.908340522965708219e+00,9.291976097504296428e-01
7.439560183314644082e-01,-1.921460058825263717e+00,9.300546837582486237e-01
7.144311984702718110e-01,-1.939025255819733617e+00,9.310623570077307676e-01
6.831207929792433298e-01,-1.950359858475934960e+00,9.319828465334032419e-01
6.522556185088044245e-01,-1.966376737303209055e+00,9.328241036350227722e-01
6.229479583257421238e-01,-1.979823375651399875e+00,9.335765608168740126e-01
5.907527739863021043e-01,-1.989098140145214133e+00,9.342337605695594238e-01
5.613413601820478327e-01,-2.002896720928657004e+00,9.348072017309956294e-01
5.308778347141749343e-01,-2.010532601487847959e+00,9.352767790260679837e-01
4.989216609929185142e-01,-2.017890301722420787e+00,9.356602642612589227e-01
4.706709102140896883e-01,-2.027998537567984094e+00,9.359600145293095474e-01
4.384142882326325652e-01,-2.030812595909025298e+00,9.361538433060884179e-01
4.077824806560439441e-01,-2.036547673913218226e+00,9.362766749273367939e-01
3.793317948011832863e-01,-2.041261281787841053e+00,9.363306032936087320e-01
3.466293587058614789e-01,-2.040512541308006522e+00,9.363080403285397590e-01
3.178994162669260826e-01,-2.044971862458569323e+00,9.362307653958452658e-01
2.840952012572947050e-01,-2.049455778933286787e+00,9.361207249830141297e-01
2.518599460077319274e-01,-2.057810907044873794e+00,9.359888780846526979e-01
2.210255101192236116e-01,-2.058755864368653654e+00,9.357994479863851467e-01
1.898446947005416330e-01,-2.060627136921881597e+00,9.355931480181380877e-01
1.643695689975374352e-01,-2.058851762092813509e+00,9.354004411275459452e-01
1.362461922750484722e-01,-2.053262519456350077e+00,9.351867938118120227e-01
1.058194029327884228e-01,-2.051551022606339814e+00,9.349256687747384831e-01
7.748389284383405684e-02,-2.043216238226722048e+00,9.346847819625985210e-01
5.547027680459599985e-02,-2.038472477929381022e+00,9.344923921310540615e-01
2.464095320417929169e-02,-2.033234405695158564e+00,9.342029200423883628e-01
6.757418790695446896e-04,-2.024814069157805374e+00,9.340013515688022627e-01
-2.597278073081304983e-02,-2.018717115973200471e+00,9.337538120803742236e-01
-5.230708715387608759e-02,-2.011613761152022839e+00,9.335143352954793361e-01
-7.658089993158975761e-02,-2.001721459516867974e+00,9.333218233636433325e-01
-1.046168171922454287e-01,-1.991925074935044560e+00,9.331202004350404033e-01
-1.288845153326932114e-01,-1.980085058243749696e+00,9.329598959986722395e-01
-1.490185722462319673e-01,-1.968401694313498762e+00,9.328367494942388927e-01
-1.738580492817884959e-01,-1.955728793323977310e+00,9.326848986009075304e-01
-1.977363460646129611e-01,-1.944887080866370521e+00,9.325520613354318922e-01
-2.180151588669261842e-01,-1.933681541596483866e+00,9.324489475399918570e-01
-2.388650825745321504e-01,-1.921346547844687391e+00,9.323583647253739226e-01
-2.634623028462273475e-01,-1.908803483234418952e+00,9.322359177913369654e-01
-2.865180277979453294e-01,-1.898059932071630485e+00,9.321362580241266960e-01
-3.106036977189601256e-01,-1.885385036854875462e+00,9.320721711824881961e-01
-3.276589412718305949e-01,-1.877512469263082462e+00,9.320416397876341019e-01
-3.549300562826670502e-01,-1.864859140102206769e+00,9.320222284027520621e-01
-3.722774561106725333e-01,-1.854070491407056709e+00,9.320182899209026317e-01
-3.946640231855083614e-01,-1.840071021182355437e+00,9.320380889779302791e-01
-4.158409448652536922e-01,-1.827109312797476237e+00,9.320820838662747798e-01
-4.386541877381442411e-01,-1.808889391451944162e+00,9.321153160990702791e-01
-4.563839961258498445e-01,-1.793404886163440182e+00,9.321477283350032561e-01
-4.735904467101312854e-01,-1.779002150848384201e+00,9.321953107531248950e-01
-4.908420953185534397e-01,-1.763934611518656492e+00,9.322560726163946487e-01
-5.088424973006097085e-01,-1.746721483698388200e+00,9.323210891400283140e-01
-5.269787889916444090e-01,-1.730098861215062955e+00,9.323944222902162959e-01
-5.498827282975283781e-01,-1.712861421829174446e+00,9.324757967419403659e-01
-5.668494599310037740e-01,-1.700422697916208037e+00,9.325427678016859900e-01
-5.846762910302971683e-01,-1.685344496524439961e+00,9.326061640184407642e-01
-6.027057119723584488e-01,-1.669804768316692334e+00,9.326760694719361533e-01
-6.197484896561538115e-01,-1.657249715813954527e+00,9.327354124265395674e-01
-6.417266119134610314e-01,-1.643247743815446471e+00,9.328143268347508510e-01
-6.588798784217363425e-01,-1.631570624619145038e+00,9.328840870866603741e-01
-6.814271859273515197e-01,-1.617890320829048267e+00,9.329802064512782156e-01
-7.022819890535404452e-01,-1.609687477265529854e+00,9.330504972409097153e-01
-7.238740708432952475e-01,-1.599858233993368017e+00,9.331215688725880142e-01
-7.408428871129262294e-01,-1.590062518246671219e+00,9.331731583800975116e-01
-7.627672564256232635e-01,-1.578438801451012674e+00,9.332541149507317391e-01
-7.790614371072042132e-01,-1.569669042309389528e+00,9.333232950890059110e-01
-7.958700029768251971e-01,-1.558914838598871810e+00,9.333927829905386275e-01
-8.183191680466874729e-01,-1.544920825994786195e+00,9.334946911902057831e-01
-8.347766361351471875e-01,-1.535682313810366351e+00,9.335766636323118428e-01
-8.513086691290225883e-01,-1.525384165680975235e+00,9.336631683415298477e-01
-8.734662620922876153e-01,-1.511991068529994653e+00,9.337842323153726642e-01
-8.898419431834445614e-01,-1.503807957479310176e+00,9.338744880067076926e-01
-9.061693264278261051e-01,-1.494963077242609684e+00,9.339679824906639283e-01
-9.280833075939354249e-01,-1.482970628759310738e+00,9.340963038971465959e-01
-9.444775923687591668e-01,-1.475518601490493298e+00,9.341923320953041676e-01
-9.607955035062858418e-01,-1.467241233841853454e+00,9.342885294658582751e-01
-9.771589453098386002e-01,-1.457460560685780671e+00,9.343820906301865126e-01
-9.935945864301796160e-01,-1.448439007321281835e+00,9.344755558675872376e-01
-1.015440180796502112e+00,-1.437127053072801308e+00,9.345973091731967219e-01
-1.031747332588096144e+00,-1.425389808055749441e+00,9.346669844516928283e-01
-1.042639867242789231e+00,-1.416128658269715235e+00,9.347050575383706317e-01
-1.059043409023007865e+00,-1.403117920795331042e+00,9.347592349498017317e-01
-1.075431716141019844e+00,-1.392880333920822888e+00,9.347990890371435935e-01
-1.091704872118213210e+00,-1.383096545151774270e+00,9.348381127745017949e-01
-1.107931620427162978e+00,-1.371819913162314331e+00,9.348759173389700194e-01
-1.118790444084578173e+00,-1.364546564950116281e+00,9.349011658230415023e-01
-1.135135271636832588e+00,-1.355997925833537066e+00,9.349270054036326050e-01
-1.151423781067583807e+00,-1.349009179190976626e+00,9.349485106964936509e-01
-1.167613303207065467e+00,-1.340866179500851629e+00,9.349704970103843715e-01
-1.183800266550867564e+00,-1.332199082499849974e+00,9.349943181080920818e-01
-1.200013488716070942e+00,-1.325008058942822364e+00,9.350172885449881122e-01
-1.216162183420069320e+00,-1.317820220981396506e+00,9.350414846352081977e-01
-1.226870730252281438e+00,-1.311878896341769796e+00,9.350543548404912642e-01
-1.242902263853226108e+00,-1.302008681386765510e+00,9.350735308631629161e-01
-1.258932228996093583e+00,-1.292684095448002113e+00,9.350959536999428057e-01
-1.269595176467756659e+00,-1.286500712077126130e+00,9.351126605342126030e-01
-1.285514814693963670e+00,-1.275815006581388245e+00,9.351352241383581454e-01
-1.296086016759602222e+00,-1.267948146470000870e+00,9.351496247389373684e-01
-1.306643940595113351e+00,-1.260387904363577061e+00,9.351647012492696476e-01
-1.322475227279053200e+00,-1.250523851618884130e+00,9.351843889633564277e-01
-1.333014185459350687e+00,-1.244170796407738644e+00,9.351982233627890162e-01
-1.343523932695717571e+00,-1.237017678246226104e+00,9.352101116896391897e-01
-1.353998047793370407e+00,-1.228945133518955846e+00,9.352191925308765974e-01
-1.369661191427628433e+00,-1.217122593166277467e+00,9.352322005686806161e-01
-1.380092340385958183e+00,-1.210870097546852042e+00,9.352314749238797020e-01
-1.390520702453502233e+00,-1.205940505695673570e+00,9.352235528191942260e-01
-1.406137884942824323e+00,-1.199248942920515315e+00,9.352129223102529920e-01
-1.416516962738599394e+00,-1.194507138430871862e+00,9.352085664834198786e-01
-1.426868114134846710e+00,-1.189945838694613123e+00,9.352061409080336674e-01
-1.442355287862138846e+00,-1.184612473018830991e+00,9.352005417077242644e-01
-1.452656917096275757e+00,-1.181734103192052743e+00,9.351973305361692690e-01
-1.468061347231426783e+00,-1.176728444510600768e+00,9.351949022908196962e-01
-1.478289784727324641e+00,-1.172726983998247707e+00,9.351942529849759378e-01
-1.493570117854770229e+00,-1.167128467875025333e+00,9.351962480013920054e-01
-1.503721400545089182e+00,-1.164072559186660083e+00,9.351984508606209223e-01
-1.518898566412809181e+00,-1.159244101560819917e+00,9.352043994913256109e-01
-1.528977020175740220e+00,-1.155159040545540527e+00,9.352078104218135568e-01
-1.539016505434125826e+00,-1.150684034869225103e+00,9.352121567365554444e-01
-1.549014563772185493e+00,-1.146592714703069005e+00,9.352173239181832409e-01
-1.563940101995733745e+00,-1.141868830462555273e+00,9.352231440417684283e-01
-1.573848545707696722e+00,-1.138725869910211186e+00,9.352280287677563475e-01
-1.583722388881825482e+00,-1.134654439758562727e+00,9.352303064865370441e-01
-1.593554250849731790e+00,-1.129751730667056586e+00,9.352307257575678268e-01
-1.603335938192377963e+00,-1.124939943244819496e+00,9.352323710156011938e-01
-1.613065235826538268e+00,-1.120792991831512264e+00,9.352338574078130629e-01
-1.622745890956044379e+00,-1.116886662829423837e+00,9.352365828904730671e-01
-1.632382315460297217e+00,-1.112311532828231808e+00,9.352385032830140554e-01
-1.641974555589465812e+00,-1.106677773998016034e+00,9.352367009898620021e-01
-1.651518225449422506e+00,-1.100516787852197975e+00,9.352349862932781699e-01
-1.661008457540608330e+00,-1.094625231525600206e+00,9.352348790706827009e-01
-1.665733036033784087e+00,-1.091819963092949264e+00,9.352354047844138041e-01
-1.675142620738134580e+00,-1.086002541545127098e+00,9.352373940218727810e-01
-1.684502717436627606e+00,-1.078956438259834005e+00,9.352328407489588491e-01
-1.689164887816125837e+00,-1.074741051130077674e+00,9.352247909992652541e-01
-1.698451974259513220e+00,-1.065034408007756950e+00,9.351993125214604907e-01
-1.703075461336982288e+00,-1.059756672297580860e+00,9.351849991184193467e-01
-1.707684495849641326e+00,-1.054379207466392243e+00,9.351712365358009205e-01
-1.712278435214845684e+00,-1.049012854042949972e+00,9.351583005116905767e-01
-1.716856909232648221e+00,-1.043715817136133595e+00,9.351461594478850392e-01
-1.721419869400153235e+00,-1.038478375592595482e+00,9.351348379123616272e-01
-1.730500183768013844e+00,-1.027885843046802306e+00,9.351145320127036697e-01
-1.735018180599094295e+00,-1.022333278850047211e+00,9.351046546458343656e-01
-1.739521638633779288e+00,-1.016517038665654793e+00,9.350941932698159098e-01
-1.744010437255591128e+00,-1.010433330399690188e+00,9.350831109912187689e-01
-1.748484175638687521e+00,-1.004143599255684194e+00,9.350720001044940943e-01
-1.752942248712735962e+00,-9.977552256170042488e-01,9.350615113507559917e-01
-1.757383952063636956e+00,-9.913907134104154029e-01,9.350518367694574673e-01
-1.761808614800322248e+00,-9.851534011384988077e-01,9.350426826377967737e-01
-1.766215730666510719e+00,-9.790903956484087178e-01,9.350337821549071782e-01
-1.770605017354072830e+00,-9.731812738872859248e-01,9.350252623372989902e-01
-1.774976365000061396e+00,-9.673572904748164447e-01,9.350174398488549921e-01
-1.779329779571060755e+00,-9.615226761877069261e-01,9.350104427691607878e-01
-1.783665321563976391e+00,-9.555737277107720917e-01,9.350039860086909460e-01
-1.787982991185904869e+00,-9.494338860005446801e-01,9.349976078712888272e-01
-1.792282626197521322e+00,-9.430835440185806329e-01,9.349911562394629394e-01
-1.796563876797473203e+00,-9.365612225691771764e-01,9.349849171023393302e-01
-1.800826203310089024e+00,-9.299560486404363502e-01,9.349793325760143992e-01
-1.805068944731069269e+00,-9.233809383064262022e-01,9.349745077135012128e-01
-1.809291441301213776e+00,-9.169247267649142108e-01,9.349701916892803055e-01
-1.813493138199174570e+00,-9.106193598496445940e-01,9.349662299198385762e-01
-1.817673632664136063e+00,-9.044272833226433272e-01,9.349628030179971683e-01
-1.821832644236516030e+00,-8.982602027051523885e-01,9.349601249833666694e-01
-1.825969975447063076e+00,-8.920078895698260180e-01,9.349580310173812858e-01
-1.830085430335022023e+00,-8.855730164515233094e-01,9.349559927647709268e-01
-1.834178742183010469e+00,-8.789078344316049174e-01,9.349536223983287986e-01
-1.838249526572500070e+00,-8.720263693610826872e-01,9.349510433214970329e-01
-1.842297257912333563e+00,-8.650060917570696617e-01,9.349487975523101957e-01
-1.846321307042507742e+00,-8.579629457711173135e-01,9.349472449774420824e-01
-1.850320987341326218e+00,-8.510156468597547263e-01,9.349462102373784500e-01
-1.854295627481752806e+00,-8.442526829520353715e-01,9.349452115939491659e-01
-1.858244628763625172e+00,-8.377011955831885626e-01,9.349440415293990281e-01
-1.862167490686647442e+00,-8.313237223477424331e-01,9.349429800201987106e-01
-1.866063817880476705e+00,-8.250266508713226532e-01,9.349424783764671565e-01
-1.869933273952473884e+00,-8.186909611587115387e-01,9.349426200400083875e-01
-1.873775533872396704e+00,-8.122118425197980551e-01,9.349430205190387699e-01
-1.877590220840998914e+00,-8.055271319357023563e-01,9.349432486222364336e-01
-1.881376860728468881e+00,-7.986370676762635235e-01,9.349433096299902823e-01
-1.885134870503214044e+00,-7.915993461386212626e-01,9.349436029398408010e-01
-1.888863594066381824e+00,-7.845003838331361390e-01,9.349444860050560857e-01
-1.892562355950019537e+00,-7.774189122724134426e-01,9.349460356702451458e-01
-1.896230508590415198e+00,-7.703976312621363398e-01,9.349481903301587460e-01
-1.903472638395881544e+00,-7.564881009912528542e-01,9.349543332065215484e-01
-1.907045518848037968e+00,-7.495110750929347976e-01,9.349583324978668619e-01
-1.914092142467035629e+00,-7.353025292686775627e-01,9.349677129423833444e-01
-1.917564729249734423e+00,-7.280481961865253870e-01,9.349729883250367246e-01
-1.924405453834241442e+00,-7.133892909954703265e-01,9.349850460342430392e-01
-1.927772367060590852e+00,-7.060937973015348756e-01,9.349918451512445605e-01
-1.934396392939109033e+00,-6.917556697133953048e-01,9.350065780410392602e-01
-1.937652490148747741e+00,-6.846959769443305976e-01,9.350145387003945263e-01
-1.944050643168497405e+00,-6.705660043290904149e-01,9.350318392938335998e-01
-1.950293752731749874e+00,-6.561176803646973088e-01,9.350503866344853643e-01
-1.956377734146373282e+00,-6.413404107191391645e-01,9.350700493597216001e-01
-1.962298201657300512e+00,-6.266249497437763605e-01,9.350911200664905332e-01
-1.965195861413941314e+00,-6.194185917676832132e-01,9.351018990058594937e-01
-1.973633937551873219e+00,-5.983897216895671667e-01,9.351350790989630957e-01
-1.979043748774510281e+00,-5.843815977587158983e-01,9.351585386256712207e-01
-1.984277409082190413e+00,-5.700401086261144279e-01,9.351826332654311624e-01
-1.989330963492164983e+00,-5.555602318341970047e-01,9.352076149050457810e-01
-1.994200917103966075e+00,-5.412841482777014379e-01,9.352333566533015397e-01
-2.001156596635351725e+00,-5.202106286757800513e-01,9.352732161664724098e-01
-2.005558135566976041e+00,-5.059971848171560538e-01,9.353005356255321701e-01
-2.011799930642579337e+00,-4.844356662056662488e-01,9.353424435276054272e-01
-2.015716368169120809e+00,-4.702215919156101931e-01,9.353708995931466763e-01
-2.021218511427827380e+00,-4.491314357051369166e-01,9.354141794441543922e-01
-2.024635945692097927e+00,-4.350519155600004462e-01,9.354434204968511413e-01
-2.029381507239182092e+00,-4.140141812103325103e-01,9.354876238821578927e-01
-2.033664824821056705e+00,-3.933490287113016182e-01,9.355317761182547764e-01
-2.037480243322381757e+00,-3.728871565107561015e-01,9.355757981563908032e-01
-2.040825221303496750e+00,-3.524047924526462205e-01,9.356195902468174008e-01
-2.043699269938410445e+00,-3.322560380500265143e-01,9.356626423941045712e-01
-2.046102162118163204e+00,-3.125833883789784218e-01,9.357045554852364555e-01
-2.048572206361961356e+00,-2.864209709942814874e-01,9.357591353704812764e-01
-2.049876029767707220e+00,-2.669288875321172427e-01,9.357988471436013977e-01
-2.050712111925536707e+00,-2.479257284025450370e-01,9.358369217341868662e-01
-2.051106061121599655e+00,-2.229228067873627039e-01,9.358855643154526671e-01
-2.050866939349416995e+00,-2.043556873316728362e-01,9.359204481319576274e-01
-2.049845061060116880e+00,-1.800899967708315397e-01,9.359644582729392814e-01
-2.048560187403606569e+00,-1.620156131041714798e-01,9.359957230058719713e-01
-2.046171469367146223e+00,-1.380583706758799489e-01,9.360350181445612483e-01
-2.043027545331930650e+00,-1.144834359583796202e-01,9.360713694173599109e-01
-2.040183986913929548e+00,-9.689993287939900612e-02,9.360967749281240424e-01
-2.035763387899136134e+00,-7.370363489705181181e-02,9.361280964292605367e-01
-2.031988430581562532e+00,-5.648745164699175980e-02,9.361496819692300964e-01
-2.026359171984043250e+00,-3.370528680204505634e-02,9.361759884969629297e-01
-2.020069823320864710e+00,-1.119342490165359943e-02,9.361994696700837171e-01
-2.014933094122818513e+00,5.544789023936693394e-03,9.362152865080096698e-01
-2.007544886246156679e+00,2.766379197538577570e-02,9.362340522596630521e-01
-1.999563056982850640e+00,4.955196674677141144e-02,9.362502521375468678e-01
-1.993201208569186367e+00,6.583427947965958538e-02,9.362607921373706787e-01
-1.984238849985073383e+00,8.735041613255195569e-02,9.362727878261305481e-01
-1.977171158374500193e+00,1.033522658567064684e-01,9.362803193304791716e-01
-1.967306304664095506e+00,1.245241214569492438e-01,9.362885249762105122e-01
-1.956957584501232361e+00,1.454966235838440203e-01,9.362947552562284059e-01
-1.948892241968208650e+00,1.611069073427509601e-01,9.362982217186355260e-01
-1.937753660486572826e+00,1.817661327177218789e-01,9.363013564598343663e-01
-1.929123778746693718e+00,1.971456587852870312e-01,9.363026742534155122e-01
-1.917267999489039143e+00,2.175118923052346831e-01,9.363031717905201390e-01
-1.908127643103566751e+00,2.326827189725563794e-01,9.363026856772617146e-01
-1.895625103432623915e+00,2.527800874493081329e-01,9.363010004062450875e-01
-1.886022629738031808e+00,2.677616132670544991e-01,9.362990360209417773e-01
-1.872934793148179455e+00,2.876178986801516957e-01,9.362955936945323021e-01
-1.862916447906342921e+00,3.024257967126956492e-01,9.362924701181490894e-01
-1.849304333714573589e+00,3.220638873841053518e-01,9.362876884636088803e-01
-1.838915345087932751e+00,3.367152232480876139e-01,9.362837061185474985e-01
-1.828380737656730259e+00,3.513047516416958338e-01,9.362794392210520567e-01
-1.814121548685092566e+00,3.706653484078191729e-01,9.362733879575797502e-01
-1.803276148370419163e+00,3.851213355303489960e-01,9.362686306081053900e-01
-1.788626737288260715e+00,4.043175529845851601e-01,9.362620751771922878e-01
-1.777507921532494262e+00,4.186575564394326432e-01,9.362570537102199442e-01
-1.762519311234191477e+00,4.377080935689533492e-01,9.362502860512232905e-01
-1.751163308679136055e+00,4.519472178279476671e-01,9.362451946866852115e-01
-1.739715689690489286e+00,4.661473979052283001e-01,9.362401258557605521e-01
-1.724320009679804588e+00,4.850255005969038580e-01,9.362334526027165094e-01
-1.712681378506535568e+00,4.991460918485658982e-01,9.362285437983365322e-01
-1.700969840885203199e+00,5.132372399151473585e-01,9.362237422099445316e-01
-1.685250675983431368e+00,5.319831409945778855e-01,9.362175394832963349e-01
-1.673389073468188659e+00,5.460159946275803255e-01,9.362130599839322276e-01
-1.657485801816856341e+00,5.646957012305866552e-01,9.362073458861830400e-01
-1.641494283231486717e+00,5.833417891173634517e-01,9.362019523237217200e-01
-1.633469020086539158e+00,5.926542213957406435e-01,9.361993836522797263e-01
-1.617366416971746990e+00,6.112588838745798281e-01,9.361945152098550826e-01
-1.601204202043086777e+00,6.298358172141771405e-01,9.361900180559112883e-01
-1.593103182737073853e+00,6.391172350462609453e-01,9.361879123099925426e-01
-1.576865812744259854e+00,6.576699010903197529e-01,9.361839909463156584e-01
-1.560590230275105350e+00,6.762042236965341013e-01,9.361804590067860365e-01
-1.552440230724207337e+00,6.854677460922228294e-01,9.361788390839294038e-01
-1.536118714423663212e+00,7.039949374670407822e-01,9.361758892084177663e-01
-1.519775973496340082e+00,7.225142801176482887e-01,9.361733207118645428e-01
-1.511598581134008690e+00,7.317729473602130330e-01,9.361721767078984291e-01
-1.495233893334956488e+00,7.502989675079355658e-01,9.361701619355820014e-01
-1.478862017500209625e+00,7.688275617290396546e-01,9.361685005721728237e-01
-1.470675013824578548e+00,7.780927404506570166e-01,9.361677976938684864e-01
-1.454300613056271896e+00,7.966374375178502110e-01,9.361666365871137430e-01
-1.446114739915734360e+00,8.059153128616938222e-01,9.361661739398237092e-01
-1.429748569846588824e+00,8.244746353296393826e-01,9.361654729458747104e-01
-1.413390666441107779e+00,8.430542645151245518e-01,9.361650534565150172e-01
-1.405215015965962433e+00,8.523552946090280358e-01,9.361649426236174909e-01
-1.388872938181762828e+00,8.709680675176583176e-01,9.361649064061531300e-01
-1.372547138224209817e+00,8.895985629179801180e-01,9.361650989264521661e-01
-1.364390326334995240e+00,8.989270622399294641e-01,9.361652736684040743e-01
-1.348089450317969673e+00,9.176013754512215570e-01,9.361657674243615279e-01
-1.339946926961450124e+00,9.269420033975764861e-01,9.361660812193148828e-01
-1.323679056467719439e+00,9.456431370435642858e-01,9.361668282305537492e-01
-1.315553052377830490e+00,9.550076054373199952e-01,9.361672558675910860e-01
-1.299315936495480717e+00,9.737504436947832520e-01,9.361682078140098895e-01
-1.283100022175380106e+00,9.925113666659479694e-01,9.361692715162088785e-01
-1.274999708173786939e+00,1.001906603309016486e+00,9.361698384384864458e-01
-1.258813463844527858e+00,1.020716587825043264e+00,9.361710317273553850e-01
-1.250728286772654574e+00,1.030123778051642125e+00,9.361716539242339596e-01
-1.234574185636946986e+00,1.048954860472833595e+00,9.361729376253263846e-01
-1.226504440198519896e+00,1.058383866556808384e+00,9.361735945790489177e-01
-1.210377522182949139e+00,1.077251230600613008e+00,9.361749302905367776e-01
-1.202320282336990065e+00,1.086685347858637574e+00,9.361756053962319024e-01
-1.186217167135172446e+00,1.105572626401689629e+00,9.361769602132190560e-01
-1.178170357168524918e+00,1.115026641777226102e+00,9.361776365768678110e-01
-1.162083756710233562e+00,1.133933382040659854e+00,9.361789807105738159e-01
-1.154043480446969694e+00,1.143386127229698790e+00,9.361796455002192596e-01
-1.137967111906728501e+00,1.162308694351502414e+00,9.361809531177167631e-01
-1.129930018469986530e+00,1.171774224658337804e+00,9.361815937249696740e-01
-1.113855260332618613e+00,1.190692577450502387e+00,9.361828433555414719e-01
-1.105816849446557670e+00,1.200149675020910411e+00,9.361834502715510320e-01
-1.089735543605004242e+00,1.219072348848112330e+00,9.361846236520456888e-01
-1.081691568479880905e+00,1.228529078465067759e+00,9.361851885618260871e-01
-1.073644553495527898e+00,1.237976957489733909e+00,9.361857378137632413e-01
-1.061567203228880318e+00,1.252138412515088950e+00,9.361865311639094855e-01
-1.045447526497466306e+00,1.271015347026611009e+00,9.361875293049800595e-01
-1.037376991077792132e+00,1.280444074680639144e+00,9.361880014907091319e-01
-1.021208752629230387e+00,1.299268890458959103e+00,9.361888892027279141e-01
-1.013111418484765824e+00,1.308670924110333589e+00,9.361893046051624756e-01
-1.005005107963853117e+00,1.318067689488106486e+00,9.361897009508387546e-01
-9.887609021223667805e-01,1.336825261471919601e+00,9.361904341477259583e-01
-9.806204993281062432e-01,1.346179608236141467e+00,9.361907698771325670e-01
-9.724663076224844271e-01,1.355521513755939100e+00,9.361910854207053934e-01
-9.561135712568985534e-01,1.374174858115238207e+00,9.361916568444929032e-01
-9.479135135342703355e-01,1.383477132667988219e+00,9.361919116779480188e-01
-9.396955285164185767e-01,1.392757201903547681e+00,9.361921449518841865e-01
-9.231996720769805043e-01,1.411261457581012291e+00,9.361925490230618152e-01
-9.149201081456522777e-01,1.420490371273344321e+00,9.361927210609414240e-01
-9.066178543180282157e-01,1.429698741334869627e+00,9.361928725437748122e-01
-8.899392978001274823e-01,1.448034095528712095e+00,9.361931100555418439e-01
-8.815605257178423804e-01,1.457163526968090927e+00,9.361931971871951808e-01
-8.731534113701435729e-01,1.466272009206659233e+00,9.361932646939225000e-01
-8.604865634695600951e-01,1.479888588042447495e+00,9.361933282745817930e-01
-8.392162015916545537e-01,1.502416793651863092e+00,9.361933250935686734e-01
-8.306473308474260353e-01,1.511375351060468164e+00,9.361932874656948567e-01
-8.220405824787844207e-01,1.520312673397297365e+00,9.361932320571225707e-01
-8.133955051680012982e-01,1.529225517983946236e+00,9.361931589545127164e-01
-8.047132467702310388e-01,1.538102444804983149e+00,9.361930660531099235e-01
-7.872373463009328942e-01,1.555723250122196699e+00,9.361928150494840395e-01
-7.784380717569334696e-01,1.564476993346184397e+00,9.361926607908885867e-01
-7.695924963269933361e-01,1.573198967911298762e+00,9.361924888814346923e-01
-7.517578845657792996e-01,1.590512943276604751e+00,9.361920811256407848e-01
-7.427699263874086855e-01,1.599089025950382270e+00,9.361918408358118615e-01
-7.246437416733143566e-01,1.616102519159819950e+00,9.361913019136016700e-01
-7.109071047931863063e-01,1.628748431358397086e+00,9.361908503758984423e-01
-7.016802565308212225e-01,1.637106968868578205e+00,9.361905196561831621e-01
-6.923990461946938346e-01,1.645400603802873452e+00,9.361901633449427607e-01
-6.736734699872464205e-01,1.661818527882164220e+00,9.361893961642259177e-01
-6.642255354120252253e-01,1.669951209421853822e+00,9.361889914517709244e-01
-6.451462209596360298e-01,1.686023732722763624e+00,9.361881167067837017e-01
-6.355137420727848818e-01,1.693953902567395975e+00,9.361876431130322640e-01
-6.160644987278477425e-01,1.709635259641530736e+00,9.361866547398121075e-01
-6.062462939775796755e-01,1.717390452352436814e+00,9.361861455275948263e-01
-5.864158138478631210e-01,1.732687474889661461e+00,9.361850744861793805e-01
-5.764031260703638138e-01,1.740222824666814772e+00,9.361845112889026765e-01
-5.561837700782690241e-01,1.755095848072801612e+00,9.361833603251434877e-01
-5.459765204736769517e-01,1.762428585498553968e+00,9.361827716580757297e-01
-5.253638920210088603e-01,1.776827727283377012e+00,9.361815285243164642e-01
-5.044874623303290395e-01,1.790892620380063249e+00,9.361802298606105577e-01
-4.939499645176227416e-01,1.797817610683648537e+00,9.361795789092097753e-01
-4.726769642094955648e-01,1.811404529739046865e+00,9.361782453535422155e-01
-4.511479184103879270e-01,1.824626531115002503e+00,9.361768725263317492e-01
-4.402871318203008810e-01,1.831134312357178162e+00,9.361762030921531030e-01
-4.183702156095879809e-01,1.843925808914686826e+00,9.361748890701703241e-01
-3.962058537333553732e-01,1.856291166684393756e+00,9.361735096929985067e-01
-3.738104553333582158e-01,1.868301660242039475e+00,9.361721553674142715e-01
-3.511845959959326025e-01,1.880040445123147164e+00,9.361709072638870754e-01
-3.283439122612856198e-01,1.891309159685421237e+00,9.361695906785035826e-01
-3.168517515635141391e-01,1.896769651293421788e+00,9.361689187054402783e-01
-2.937283328864728760e-01,1.907460988939161606e+00,9.361676783466883478e-01
-2.704205680981986992e-01,1.917734767259937190e+00,9.361664697757621223e-01
-2.469356396406053311e-01,1.927536840285104081e+00,9.361652451537061381e-01
-2.232829883984435992e-01,1.937015163952358510e+00,9.361641718454395411e-01
-1.994734373274046069e-01,1.946021948989149930e+00,9.361631014740542378e-01
-1.755200667151413929e-01,1.954585955191645130e+00,9.361620760859633572e-01
-1.514357050321147868e-01,1.962806370299562619e+00,9.361612102058678442e-01
-1.272326591743217772e-01,1.970507765778278797e+00,9.361603138153951065e-01
-9.073366614505172512e-02,1.981316580755468237e+00,9.361591885654376721e-01
-6.628861427957158381e-02,1.987942545757343638e+00,9.361584900958238586e-01
-4.177483800990822865e-02,1.994091903102805929e+00,9.361578255482237987e-01
-1.721505473626630534e-02,1.999883726698160613e+00,9.361573340404014676e-01
7.382372829334578335e-03,2.005128682506335469e+00,9.361567924715051836e-01
4.432679342355285573e-02,2.012209755658197263e+00,9.361561759633014734e-01
6.897357037334188312e-02,2.016328356455082016e+00,9.361557975400419673e-01
9.362135143852726160e-02,2.019941089324234884e+00,9.361554173615118657e-01
1.182511088352005552e-01,2.023188673793485659e+00,9.361552017908980616e-01
1.551530451875100802e-01,2.027018925368383240e+00,9.361547509441294768e-01
1.797175199663552658e-01,2.029066898499160665e+00,9.361545950432063057e-01
2.042383513191002586e-01,2.030589558300175401e+00,9.361544049420664759e-01
2.287053378571321516e-01,2.031588586713376277e+00,9.361541810681105469e-01
2.652977240332843878e-01,2.032327828315808826e+00,9.361540490463774455e-01
2.896150564452413256e-01,2.032111833790389621e+00,9.361538444962652639e-01
3.138610662120402406e-01,2.031533059538240593e+00,9.361537961803430008e-01
3.500777316212880796e-01,2.029666579786812086e+00,9.361536228301756690e-01
3.741191769310439064e-01,2.027867120254827515e+00,9.361535716548722297e-01
3.980690161296466245e-01,2.025628874205772867e+00,9.361535787735650871e-01
4.338034174125520726e-01,2.021275185997057910e+00,9.361534701317127949e-01
4.575012045383965997e-01,2.017906047886214527e+00,9.361535577729261925e-01
4.810893897854622847e-01,2.013956111554791040e+00,9.361535168583190458e-01
5.045592609069660117e-01,2.009631099347200411e+00,9.361535863997000328e-01
5.279140317673233218e-01,2.004901546044753680e+00,9.361537317271408920e-01
5.627251106173651873e-01,1.996844120323740368e+00,9.361538364185472139e-01
5.857832412259726951e-01,1.991051270821261765e+00,9.361540789364554138e-01
6.087196859418182449e-01,1.984699983780844779e+00,9.361542027921752052e-01
6.315245007263710075e-01,1.978005234522966616e+00,9.361544372885072240e-01
6.541986430254974616e-01,1.970951096958874826e+00,9.361547620162194994e-01
6.767427005634176762e-01,1.963361827005781990e+00,9.361549800817190459e-01
6.991515826194051320e-01,1.955505542525843410e+00,9.361553603104143528e-01
7.214262009692953281e-01,1.947234157276228617e+00,9.361557520755713346e-01
7.435664406578406105e-01,1.938488920012323646e+00,9.361560859511989241e-01
7.545847689083453602e-01,1.934040564293926234e+00,9.361563237718224517e-01
7.765171179986729566e-01,1.924875818509755421e+00,9.361568403717803744e-01
7.983113992719039764e-01,1.915201107787640522e+00,9.361572455787705582e-01
8.199693846434950029e-01,1.905293828570147507e+00,9.361577947256979337e-01
8.307470914272379048e-01,1.900223520192845239e+00,9.361580986659150394e-01
8.521976990348111292e-01,1.889679608811684730e+00,9.361585858013634631e-01
8.735065042723215711e-01,1.878852207326402901e+00,9.361591485436241422e-01
8.841081850453142987e-01,1.873364210273507080e+00,9.361594841219588181e-01
9.052052623850384006e-01,1.862012183219974748e+00,9.361600552064569536e-01
9.156988913108147221e-01,1.856173572016057038e+00,9.361603149091829446e-01
9.365742852407838992e-01,1.844395092228702904e+00,9.361609532280512624e-01
9.469562684602195191e-01,1.838406321136908828e+00,9.361612978734579205e-01
9.573009181066322038e-01,1.832283195639662576e+00,9.361615931497496712e-01
9.778749630606442533e-01,1.819735028363808294e+00,9.361621352005757846e-01
9.881028237534337233e-01,1.813412613008358765e+00,9.361624561061023808e-01
9.982910855310798137e-01,1.807042408076325657e+00,9.361628032670312738e-01
1.008439734299992452e+00,1.800559908631054196e+00,9.361631226552052931e-01
1.018548135036143387e+00,1.793940474068444813e+00,9.361633842744382372e-01
1.028615166650819424e+00,1.787228789167145449e+00,9.361636362804487410e-01
1.038639812302470711e+00,1.780487657134279589e+00,9.361639192280784005e-01
1.048621552968632464e+00,1.773724894419639098e+00,9.361642356846504587e-01
1.058560180794212213e+00,1.766883233939439579e+00,9.361645517954843010e-01
1.068455251397541161e+00,1.759905759287130778e+00,9.361648072715315072e-01
1.078305724044506642e+00,1.752801627443154597e+00,9.361650129460828973e-01
1.088110105326714816e+00,1.745635646963815901e+00,9.361652286741755091e-01
1.097866893805475197e+00,1.738453023682823062e+00,9.361654760069129111e-01
1.107574851984281405e+00,1.731226141070496327e+00,9.361657428120799818e-01
1.117232853175452956e+00,1.723885567947116559e+00,9.361659712995200611e-01
1.126839501758586159e+00,1.716400169198578407e+00,9.361661226723985152e-01
1.136392935744060084e+00,1.708813673019462964e+00,9.361662476562327972e-01
1.145890998464875299e+00,1.701194680960739003e+00,9.361663944459588382e-01
1.155331573114108279e+00,1.693557330706996877e+00,9.361665678885463526e-01
1.164712727389022984e+00,1.685844591904693601e+00,9.361667353759107746e-01
1.174032546403552368e+00,1.677994318026697851e+00,9.361668312271756998e-01
1.183288869183634073e+00,1.670012125106539402e+00,9.361668619547540704e-01
1.192479225747474114e+00,1.661966390666676174e+00,9.361668923416578414e-01
1.201601031337874215e+00,1.653910337130585217e+00,9.361669462821634591e-01
1.210651813739517024e+00,1.645821032361172387e+00,9.361670151915113536e-01
1.219629233657889111e+00,1.637626444497544798e+00,9.361670453262516123e-01
1.228530903611522174e+00,1.629290032615722250e+00,9.361669930810977425e-01
1.237354231001076332e+00,1.620855098488476642e+00,9.361669065447812965e-01
1.246096465504449746e+00,1.612396865135035551e+00,9.361668330261917470e-01
1.254754887596046142e+00,1.603937011093415466e+00,9.361667771417904182e-01
1.263326919506653656e+00,1.595419652778594433e+00,9.361667160866348203e-01
1.271810041533977476e+00,1.586777367077361944e+00,9.361665886544263682e-01
1.280201625471528937e+00,1.578011429130847576e+00,9.361663952568551883e-01
1.288498886034472157e+00,1.569193083483865658e+00,9.361661948474766515e-01
1.296699003553278606e+00,1.560383508434581179e+00,9.361660048506166287e-01
1.304799267513305550e+00,1.551564669910588501e+00,9.361658221440910532e-01
1.312797069971342045e+00,1.542661596600028107e+00,9.361656075054790582e-01
1.320689757941747811e+00,1.533631143738681812e+00,9.361653173387590732e-01
1.328474519751749794e+00,1.524514717997098812e+00,9.361649907730053011e-01
1.336148437437390868e+00,1.515393244463895561e+00,9.361646645033042669e-01
1.343708637833907815e+00,1.506295688958440238e+00,9.361643382676583247e-01
1.351152357098094781e+00,1.497167015975585880e+00,9.361640038328404856e-01
1.358476835317036002e+00,1.487933476796653220e+00,9.361636116266381924e-01
1.365679158272478322e+00,1.478590335507815601e+00,9.361631556230249895e-01
1.372756227210135904e+00,1.469210240985141080e+00,9.361626831589703324e-01
1.379704887317075857e+00,1.459861652788004172e+00,9.361621993951517728e-01
1.386522057519185003e+00,1.450531213676127695e+00,9.361617049891661768e-01
1.393204700943275753e+00,1.441140381697613382e+00,9.361611788238409781e-01
1.399749660842924737e+00,1.431637976990315142e+00,9.361605795899657911e-01
1.406153545786114067e+00,1.422061825401420121e+00,9.361599361377230810e-01
1.412412793767922503e+00,1.412497477207500740e+00,9.361592724470897409e-01
1.418523836871776300e+00,1.402980905338389039e+00,9.361585801567386955e-01
1.424483170034005486e+00,1.393457728124917860e+00,9.361578636602390091e-01
1.430287238120128146e+00,1.383846968173765513e+00,9.361570850961726808e-01
1.433129879301054066e+00,1.379000942179101408e+00,9.361566652256099186e-01
1.441414229350297616e+00,1.364397466496070743e+00,9.361553429437460272e-01
1.446728777606710814e+00,1.354690729444034902e+00,9.361544173354093834e-01
1.451871162817434113e+00,1.344998983485179878e+00,9.361534553577532947e-01
1.456836857827020992e+00,1.335259250944159204e+00,9.361524422586710026e-01
1.461621973813767905e+00,1.325437023925959634e+00,9.361513556084524179e-01
1.466222917523075653e+00,1.315567476537133018e+00,9.361502130839014502e-01
1.470635762856962847e+00,1.305715935783290593e+00,9.361490218697687826e-01
1.474855982314086322e+00,1.295902726558193052e+00,9.361477747490127843e-01
1.478878718585626695e+00,1.286079391396719895e+00,9.361464715879013188e-01
1.482699247964842870e+00,1.276184462014700483e+00,9.361450856847082225e-01
1.486313195875549997e+00,1.266214772299729230e+00,9.361436119519763732e-01
1.489716393987315701e+00,1.256229573855677684e+00,9.361420713071171296e-01
1.492904613528458935e+00,1.246281979718597333e+00,9.361404583021710746e-01
1.495873454564854432e+00,1.236356677632284740e+00,9.361387738701644201e-01
1.498618460460414692e+00,1.226386377841719000e+00,9.361370063208260817e-01
1.501135320986271449e+00,1.216328679997879414e+00,9.361351286729652221e-01
1.503420003124562587e+00,1.206214633359534938e+00,9.361331587343544314e-01
1.508844561421948338e+00,1.175968659528666471e+00,9.361267736302716358e-01
1.512066224687556026e+00,1.145289733772427043e+00,9.361195551591704467e-01
1.512995031503549637e+00,1.124846731447174175e+00,9.361144686892058919e-01
1.512614626357952075e+00,1.093886608290190576e+00,9.361066879068362656e-01
1.511212854842973075e+00,1.073221126403993919e+00,9.361015683980949964e-01
1.507473412899769549e+00,1.042173607640988875e+00,9.360943099106870946e-01
1.503939570432305972e+00,1.021396015418200465e+00,9.360898887181514638e-01
1.499613678497233815e+00,1.000790557768403755e+00,9.360858944100149959e-01
1.491730663299366544e+00,9.696455668490642221e-01,9.360809080549451489e-01
1.485592610122434154e+00,9.491126997509040653e-01,9.360782759997221536e-01
1.478794344236180835e+00,9.284895591811576088e-01,9.360762907223465490e-01
1.471376784203636490e+00,9.078947982252533189e-01,9.360749679914152077e-01
1.463370474685373734e+00,8.875363197007690719e-01,9.360742661651902941e-01
1.454811055795679930e+00,8.670345573927663585e-01,9.360742481230894807e-01
1.445734165674337435e+00,8.466765016469841587e-01,9.360748648193020216e-01
1.436170161202946272e+00,8.264747268057508478e-01,9.360760915555289552e-01
1.426152341258873690e+00,8.061134567662768813e-01,9.360779403414409838e-01
1.415713503688374342e+00,7.859816932949837964e-01,9.360803203058163380e-01
1.404883862293861974e+00,7.658824481292640929e-01,9.360832323415207989e-01
1.393694691206806668e+00,7.456597872795823756e-01,9.360866431243046737e-01
1.382176496436401614e+00,7.257013539987178241e-01,9.360904491761143920e-01
1.370358595808874203e+00,7.056427005351212367e-01,9.360946510061273207e-01
1.358269898275019205e+00,6.855428276392472320e-01,9.360991948351580216e-01
1.345938663202866925e+00,6.656765368665301663e-01,9.361039926368819319e-01
1.333392515341826678e+00,6.456036573290765412e-01,9.361090139716518044e-01
1.327047073469868277e+00,6.355570157999028691e-01,9.361116023032630684e-01
1.314227612793562594e+00,6.156818160360597592e-01,9.361168508090393914e-01
1.301258047193935230e+00,5.956744100383211116e-01,9.361221892878980322e-01
1.288161181821349199e+00,5.755521256908675554e-01,9.361275708847995869e-01
1.274959977550324863e+00,5.556299383911192935e-01,9.361329499504910112e-01
1.261678565838185939e+00,5.354435008463088730e-01,9.361382420546734417e-01
1.255014458425109947e+00,5.253079723250417832e-01,9.361408626819827106e-01
1.241652328025336427e+00,5.052268375630082353e-01,9.361460131229153436e-01
1.228263435711798746e+00,4.849698093667391130e-01,9.361509906496413569e-01
1.214867621239789308e+00,4.645141147900170298e-01,9.361557587045933326e-01
1.201483437104591045e+00,4.442221693412489181e-01,9.361603461746929034e-01
1.188130803459551021e+00,4.236123074325444660e-01,9.361646193166446306e-01
1.181471870790578915e+00,4.132332781292381019e-01,9.361666571268555392e-01
1.168198951075754000e+00,3.926407687241767475e-01,9.361705523600283296e-01
1.155000882427422271e+00,3.718403914895234696e-01,9.361741218008037269e-01
1.141894543746170942e+00,3.507659747016702023e-01,9.361773297787460146e-01
1.128894844844443579e+00,3.298307587620588621e-01,9.361802862986291496e-01
1.122439909481757869e+00,3.192494252452010017e-01,9.361816213868726644e-01
1.109629132555154829e+00,2.977948090353662591e-01,9.361839619988264749e-01
1.096961468340137635e+00,2.764512625211406616e-01,9.361860458663235907e-01
1.084451697908300760e+00,2.548741462430296201e-01,9.361877636741648967e-01
1.072113318520071967e+00,2.329633124600055394e-01,9.361890728577415555e-01
1.059957716025413443e+00,2.111882331376608024e-01,9.361901551184586001e-01
1.053952476923565973e+00,2.001833041975217831e-01,9.361905600891325951e-01
1.042094560548670668e+00,1.778429116794747189e-01,9.361910360745625548e-01
1.030448497122217422e+00,1.556099845359025236e-01,9.361913075477967805e-01
1.019026920990353524e+00,1.331526987703279263e-01,9.361912770746272372e-01
1.007841138317871144e+00,1.103301819532969547e-01,9.361908880676408362e-01
1.002339286819761366e+00,9.899560339137700171e-02,9.361906333742522346e-01
9.915242313018192144e-01,7.622815619947695409e-02,9.361899898656489416e-01
9.809699234972034665e-01,5.299479578501329474e-02,9.361889828778382494e-01
9.706864214454370421e-01,2.987509553753766103e-02,9.361878669523665542e-01
9.656493978288199775e-01,1.829505833087929217e-02,9.361872733151359594e-01
9.557906816765168179e-01,-5.273719238062968273e-03,9.361858046808204659e-01
9.462261227811957776e-01,-2.886148339388742642e-02,9.361842365555455014e-01
9.369669985778245058e-01,-5.243304033183106977e-02,9.361825990797019159e-01
9.324552618187050834e-01,-6.442199043236086775e-02,9.361816597769980763e-01
9.236714462767585676e-01,-8.845185116950435300e-02,9.361797572891770169e-01
9.152145459018399265e-01,-1.122935189491407748e-01,9.361778434208483102e-01
9.070972791290656811e-01,-1.365750134103045077e-01,9.361757410192099726e-01
9.031686464258793512e-01,-1.487646415642043807e-01,9.361746853666981227e-01
8.955750350673941096e-01,-1.728978457345593245e-01,9.361725637392270816e-01
8.883418877018751658e-01,-1.973104865686839404e-01,9.361703762494958392e-01
8.848644398573453085e-01,-2.096499316369175858e-01,9.361692611288212618e-01
8.781930092549528055e-01,-2.340750063620508636e-01,9.361670379783344487e-01
8.719063217227125406e-01,-2.585428279767592596e-01,9.361648384433181036e-01
8.689113485043623575e-01,-2.709599018212737187e-01,9.361636965844869485e-01
8.632251193411708545e-01,-2.956454794318413293e-01,9.361614603572393500e-01
8.579500378030257002e-01,-3.201311829275294008e-01,9.361592612985090156e-01
8.554705654647685176e-01,-3.325486525376815106e-01,9.361581316474930636e-01
8.508357091493641278e-01,-3.574118281179117784e-01,9.361559312641208885e-01
8.486820838655615429e-01,-3.696684588591855336e-01,9.361548056600994538e-01
8.447093614063552192e-01,-3.942546667971603691e-01,9.361526316409960469e-01
8.428941306170140146e-01,-4.067200044405488990e-01,9.361515328836365057e-01
8.396147373499618372e-01,-4.314683218268071663e-01,9.361493720135000141e-01
8.381534172804009364e-01,-4.436681740418331188e-01,9.361482681242015991e-01
8.355966218960576564e-01,-4.682883257305959224e-01,9.361461149763694589e-01
8.345049766110997913e-01,-4.807197716816767330e-01,9.361450605371862688e-01
8.327042313928444406e-01,-5.052242593061473386e-01,9.361428767590321831e-01
8.319986218235475572e-01,-5.173486456574527548e-01,9.361417848424690158e-01
8.309869452753551045e-01,-5.419025055000827873e-01,9.361396233260441679e-01
8.306844853080080915e-01,-5.542064754671524041e-01,9.361385790884136915e-01
8.304955253293284656e-01,-5.783556363999997618e-01,9.361362963673076631e-01
8.306128942930854908e-01,-5.903796887343117916e-01,9.361351787342991893e-01
8.312813771051910106e-01,-6.147181885932681000e-01,9.361329699412914707e-01
8.318357799969289257e-01,-6.267963893567980449e-01,9.361318590911983373e-01
8.333942270614302927e-01,-6.504947805327017107e-01,9.361294098410730680e-01
8.344022333409180092e-01,-6.623781000287276566e-01,9.361282196906538511e-01
8.368850922461333885e-01,-6.863111588618623360e-01,9.361259008447397889e-01
8.383628523764885543e-01,-6.980727479157022852e-01,9.361246381888905788e-01
8.400005623106796548e-01,-7.096622694058528635e-01,9.361232814794047119e-01
8.437636219143778149e-01,-7.329205281341308886e-01,9.361206802981177910e-01
8.458925213739141302e-01,-7.446449960663816814e-01,9.361194367817446960e-01
8.506579563302407720e-01,-7.676097183164596327e-01,9.361166763477222208e-01
8.532991195423950126e-01,-7.788633371821218621e-01,9.361151798584137484e-01
8.591062446339192693e-01,-8.015686674931545852e-01,9.361123188645986692e-01
8.622742258111228963e-01,-8.129208650517467660e-01,9.361109424545273061e-01
8.691469718394280175e-01,-8.349964104304593571e-01,9.361077112794756738e-01
8.728550061736545240e-01,-8.458857606196064083e-01,9.361060661237893266e-01
8.808201418968112373e-01,-8.678833159506993411e-01,9.361029430892179315e-01
8.850780762880539054e-01,-8.787534242597159206e-01,9.361013680355012578e-01
8.941496076476580512e-01,-8.998362158285025947e-01,9.360977018467601107e-01
8.989654585651234431e-01,-9.103299652278176168e-01,9.360959298341173795e-01
9.091604473828812649e-01,-9.314375128593154196e-01,9.360925999086425753e-01
9.145393160369745811e-01,-9.417319323048662927e-01,9.360907877344837313e-01
9.258625740794069747e-01,-9.617589917864016735e-01,9.360868367064597573e-01
9.379432722136191725e-01,-9.819049108050702523e-01,9.360832712283098100e-01
9.442673219947785856e-01,-9.918367749643646203e-01,9.360815198525036518e-01
9.574772419152500769e-01,-1.010950921083380027e+00,9.360774290661059149e-01
9.678695923049366323e-01,-1.025196700739047673e+00,9.360745848763087906e-01
9.823700114270910166e-01,-1.044194510310340052e+00,9.360712126070754868e-01
9.976024089408073170e-01,-1.062350572897329259e+00,9.360675098697275320e-01
1.013545874649919742e+00,-1.080369851658500746e+00,9.360643130888608443e-01
1.030174534060654068e+00,-1.098127076634908494e+00,9.360615346212644017e-01
1.047465103665433883e+00,-1.114986532005493247e+00,9.360584347293858798e-01
1.065388923978785929e+00,-1.131848793518004381e+00,9.360561254949587573e-01
1.083913579135780569e+00,-1.148140666111769903e+00,9.360540068530435187e-01
1.103011564369364539e+00,-1.163648871998054890e+00,9.360518279457812341e-01
1.122654236382447213e+00,-1.179205984985187916e+00,9.360505965631720215e-01
1.142809480279013634e+00,-1.193910060396085715e+00,9.360492075105184551e-01
1.173947436561461943e+00,-1.215184242331227349e+00,9.360479774429499855e-01
1.195269086409319392e+00,-1.228810042845820849e+00,9.360476509562893899e-01
1.216999451415363698e+00,-1.241554350309797883e+00,9.360471382191374312e-01
1.250282720995801622e+00,-1.260455647001358148e+00,9.360479290828440657e-01
1.284319481846651456e+00,-1.277483752319478194e+00,9.360483111042882109e-01
1.307371103206639740e+00,-1.288697847282877840e+00,9.360496417283457049e-01
1.342400104979004860e+00,-1.303637131828655926e+00,9.360507249321677881e-01
1.377897138271381605e+00,-1.318033575905550148e+00,9.360532001980402805e-01
1.413766129690537721e+00,-1.330410863588886494e+00,9.360547366839055972e-01
1.449918425947136269e+00,-1.342149775162501113e+00,9.360573773532923081e-01
1.486268788011210429e+00,-1.351986267619478266e+00,9.360590817461040825e-01
